Keyword,Intent,Relevance,Volume,Keyword Difficulty,CPC (USD),SERP Features
flix iptv,Commercial,100,1600,23,0.00,"Reviews, People also ask, Related searches"
flix ip tv,Commercial,80,140,5,0.00,"AI Overview, Reviews, People also ask, Related searches"
flix iptv playlist,Commercial,79,170,13,0.00,"Reviews, Video, People also ask, Related searches"
getflix,"Navigational, Transactional",79,170,25,1.39,"Sitelinks, Reviews, Video, People also ask, Related searches"
flixora epg service,Commercial,79,110,10,0.00,"Sitelinks, Related searches"
flix iptv player,Commercial,79,90,20,0.00,"Video, People also ask, Related searches"
flix ipt apk,Commercial,79,70,19,0.00,"People also ask, Related searches"
beste iptv player,Commercial,56,210,21,0.00,"AI Overview, Reviews, Video, Video carousel, People also ask, Related searches"
free iptv player,"Informational, Commercial",56,140,37,0.00,"AI Overview, Reviews, Video, People also ask, Related searches"
iptv link,Commercial,55,210,14,0.00,"Reviews, Video, Video carousel, Related searches"
tv iptv player,"Informational, Transactional",54,590,30,0.00,"Reviews, Video, Video carousel, People also ask, Related searches"
iptv extreme,"Informational, Transactional",52,1300,30,0.00,"AI Overview, Reviews, People also ask, Related searches"
iptv apps,"Informational, Commercial",52,720,39,0.00,"AI Overview, Reviews, Video, Video carousel, People also ask, Related searches"
iptv player android,Commercial,52,590,26,0.00,"Reviews, Video, Video carousel, People also ask, Related searches"
television iptv player,Commercial,52,590,44,0.00,"Reviews, Video, Video carousel, People also ask, Related searches"
bester iptv player,Commercial,52,480,28,0.00,"AI Overview, Reviews, Video, People also ask, Related searches"
best player iptv,Commercial,52,320,36,0.00,"Sitelinks, AI Overview, Reviews, Video, People also ask, Related searches"
iptv smart apk,"Informational, Transactional",52,210,25,0.00,"Reviews, Video, Related searches"
ip tv app windows,"Informational, Commercial",52,140,33,0.00,"Sitelinks, AI Overview, Reviews, Video, Video carousel, People also ask, Related searches"
iptv player apkpure,"Navigational, Transactional",52,140,20,0.00,"AI Overview, Reviews, Related searches"
smartiptv app,Commercial,52,140,32,0.00,"Reviews, Video, People also ask, Related searches"
xstream fire tv stick,Commercial,52,140,19,0.00,"Sitelinks, AI Overview, Video, Video carousel, People also ask, Related searches"
bester iptv player windows,Commercial,52,110,18,0.00,"Reviews, People also ask, Related searches"
ip tv app für fire tv stick,"Informational, Commercial",52,110,10,0.00,"Sitelinks, AI Overview, Video, Video carousel, People also ask, Related searches"
iptv pc player,Commercial,52,110,25,0.00,"AI Overview, Reviews, Video, People also ask, Related searches"
win iptv player,Commercial,52,110,30,0.00,"AI Overview, Reviews, Video, People also ask, Related searches"
beste ip tv app,Commercial,52,90,17,0.00,"AI Overview, Reviews, Video, People also ask, Related searches"
iptv for pc,Commercial,52,90,,0.00,"Reviews, Video, Video carousel, Related searches"
pc iptv,Commercial,52,90,31,0.00,"AI Overview, Reviews, Video, People also ask"
siptv apk,"Informational, Transactional",52,90,28,0.00,"Reviews, Video, People also ask, Related searches"
smart iptv app kostenlos,"Informational, Commercial",52,90,30,0.00,"AI Overview, Reviews, Video, People also ask, Related searches"
smart iptv download chip,Transactional,52,90,42,0.00,"Video, People also ask, Related searches"
smart iptv player pro,"Informational, Transactional",52,90,39,0.00,"Reviews, Video, Video carousel, People also ask, Related searches"
welcher iptv player ist der beste,Commercial,52,90,,0.00,"AI Overview, Reviews, Video, People also ask, Related searches"
ip tv app fire tv,"Informational, Commercial",52,70,27,0.00,"Sitelinks, AI Overview, Video, Video carousel, People also ask, Related searches"
ip tv für fire tv stick,"Informational, Commercial",52,70,11,0.00,"Sitelinks, AI Overview, Video, Video carousel, People also ask, Related searches"
iptv app pc,Commercial,52,70,36,0.00,"Reviews, Video, People also ask, Related searches"
xtremeiptv,Commercial,52,70,18,0.98,"Video, People also ask"
best iptv player,Commercial,51,480,34,0.00,"Sitelinks, AI Overview, Reviews, Video, Video carousel, People also ask, Related searches"
iptv player win,"Informational, Commercial",51,480,27,0.00,"Sitelinks, AI Overview, Reviews, Video, Video carousel, Related searches"
beste iptv app,Commercial,51,320,25,0.00,"AI Overview, Reviews, Video, People also ask, Related searches"
i. p. t. v. smarters pro,"Informational, Commercial",51,260,32,0.00,"Reviews, Video, Video carousel, People also ask, Related searches"
beste iptv app für fire stick,Commercial,51,210,7,0.00,"Sitelinks, AI Overview, Video, Video carousel, People also ask, Related searches"
dazn fussbal,"Navigational, Transactional",51,170,65,0.89,"Video, Video carousel, People also ask, Top stories, Related searches"
dazn fussball live,"Navigational, Transactional",51,170,72,0.75,"Reviews, Video, Top stories, Related searches"
dazn fußball live,"Navigational, Transactional",51,170,69,0.75,"Reviews, Video, Top stories, Related searches"
fußball live dazn,"Navigational, Transactional",51,170,69,0.75,"Reviews, Video, Top stories, Related searches"
iptv smarters pro apk download,Commercial,51,170,33,0.00,"Reviews, Video, People also ask, Related searches"
iptv smarters pro mac,Commercial,51,170,37,0.00,"Reviews, Video, Related searches"
smart iptv smart tv,"Informational, Transactional",51,170,31,0.00,"Reviews, Video, Video carousel, People also ask, Related searches"
best iptv app,Commercial,51,140,21,0.00,"AI Overview, Reviews, Video, Video carousel, People also ask, Related searches"
iptv smarters pro download pc,Commercial,51,140,36,0.00,"Video carousel, People also ask, Related searches"
iptv-smarters-pro,"Informational, Commercial",51,140,38,0.00,"AI Overview, Reviews, Video, Video carousel, People also ask, Related searches"
smarters iptv pro apk,Commercial,51,140,30,0.00,"Reviews, Video, Related searches"
apple tv fußball,"Navigational, Transactional",51,110,42,1.08,"Video, People also ask, Related searches"
bester iptv player android,Commercial,51,110,17,0.00,"Sitelinks, AI Overview, Reviews, Video, Video carousel, People also ask, Related searches"
player iptv pc,Commercial,51,110,26,0.00,"AI Overview, Reviews, Video, Video carousel, Related searches"
iptv smarters pro مهكر,Commercial,51,70,7,0.00,
smarters pro app,"Informational, Commercial",51,70,38,0.42,"AI Overview, Reviews, Video, Video carousel, People also ask, Related searches"
iptv application android,"Informational, Transactional",50,480,37,0.00,"AI Overview, Reviews, Video, Video carousel, People also ask, Related searches"
iptv lines,"Informational, Commercial",50,480,7,0.00,"AI Overview, People also ask, Related searches"
iptv app android,"Informational, Commercial",50,390,38,0.00,"AI Overview, Reviews, Video, People also ask, Related searches"
iptvextreme,"Informational, Transactional",50,390,41,0.00,"Reviews, Video, People also ask, Related searches"
player iptv windows,"Informational, Commercial",50,390,21,0.00,"Sitelinks, AI Overview, Reviews, Video, Video carousel, Related searches"
iptv free terial,"Informational, Commercial",50,320,8,0.00,"Sitelinks, Video, Video carousel, People also ask, Related searches"
iptv palyer,Commercial,50,260,43,1.01,"Reviews, Video, Video carousel, People also ask, Related searches"
xtream iptv player,"Informational, Transactional",50,260,30,0.00,"Reviews, Video, People also ask, Related searches"
beste iptv player android,Commercial,50,210,18,0.00,"Sitelinks, AI Overview, Reviews, Video, Video carousel, People also ask, Related searches"
beste m3u liste kostenlos,Commercial,50,210,26,0.64,"Sitelinks, AI Overview, Reviews, Video, People also ask, Related searches"
iptv m3u liste,"Informational, Commercial",50,170,15,0.00,"AI Overview, Reviews, Video, Related searches"
iptv streamer,Commercial,50,170,29,0.00,"Reviews, Video, People also ask, Related searches"
m3u4u,Commercial,50,170,14,0.00,"People also ask, Related searches"
beste iptv app für android tv,Commercial,50,140,20,0.00,"Sitelinks, AI Overview, Reviews, Video, Video carousel, People also ask, Related searches"
free m3u tv playlist,"Informational, Commercial",50,140,41,1.43,"Sitelinks, AI Overview, Reviews, Video, Video carousel, People also ask, Related searches"
iptv amazon fire tv stick,Transactional,50,140,27,0.00,"Sitelinks, Video, Video carousel, People also ask, Related searches, Popular products"
iptv samsung app,Commercial,50,140,29,0.00,"Video, Video carousel, People also ask, Related searches"
android iptv player,Commercial,50,110,30,0.00,"Reviews, Video, People also ask, Related searches"
beste iptv box,Commercial,50,110,24,0.00,"Video, Video carousel, People also ask, Related searches, Popular products"
iptv free trail,"Informational, Commercial",50,70,0,0.00,"Sitelinks, Video, Video carousel, Related searches"
xc iptv player,"Informational, Commercial",50,70,29,0.51,"AI Overview, Reviews, People also ask, Related searches"
iptv smarters pro apk,Commercial,49,720,34,0.00,"Reviews, Video, Related searches"
iptv provider,"Informational, Commercial",49,480,34,0.00,"Sitelinks, AI Overview, Video, Video carousel, People also ask, Related searches"
iptv for windows,Commercial,49,320,41,0.00,"Video, Video carousel, People also ask, Related searches"
app iptv android,"Informational, Commercial",49,260,31,0.00,"Sitelinks, AI Overview, Reviews, Video, Video carousel, People also ask, Related searches"
iptv windows,"Informational, Commercial",49,260,35,0.00,"Sitelinks, AI Overview, Reviews, Video, People also ask, Related searches"
iptv kaufen deutschland,Commercial,49,170,19,0.00,"Video, Related searches"
iptv apps windows,"Informational, Commercial",49,140,31,0.00,"AI Overview, Reviews, Video, Video carousel, Related searches"
iptv player pc,Commercial,49,140,26,0.00,"Sitelinks, Reviews, Video, Video carousel, Related searches"
iptv smarters app,Commercial,49,140,42,0.00,"Reviews, Video, Video carousel, People also ask, Related searches"
iptv stream player windows,"Informational, Commercial",49,140,30,0.00,"AI Overview, Reviews, Video, People also ask, Related searches"
german iptv anbieter,Commercial,49,110,,0.00,"AI Overview, Related searches"
iptv the best,Commercial,49,110,47,0.00,"Video, Video carousel, People also ask, Related searches"
max hd iptv,Commercial,49,110,19,0.00,
trexiptv,Commercial,49,110,10,0.00,"AI Overview, Video, People also ask, Related searches, Ads middle"
ıptv stream player windows,"Informational, Transactional",49,110,31,0.00,"Reviews, Video, Related searches"
beste iptv app für apple tv,Commercial,49,90,25,0.00,"Sitelinks, AI Overview, Reviews, Video, Related searches"
fritz box iptv,"Informational, Transactional",49,90,23,0.00,"Video, People also ask, Related searches, Popular products"
iptv windows player,"Informational, Commercial",49,90,22,0.00,"Reviews, Video, Related searches"
watch hd iptv,"Navigational, Commercial",49,90,10,0.00,"Sitelinks, Reviews, Related searches"
anbieter fernsehen über internet,Commercial,49,70,41,1.82,"AI Overview, Reviews, Video, People also ask, Related searches, Ads top, Ads middle"
best iptv providers,"Informational, Commercial",49,70,49,0.00,"Featured snippet, Sitelinks, Video, Video carousel, People also ask, Related searches"
deutsche iptv,"Informational, Commercial",49,70,20,0.00,"AI Overview, Video, Related searches"
fernseh über internet anbieter,"Informational, Commercial",49,70,35,1.82,"AI Overview, Reviews, Video, People also ask, Related searches, Ads top, Ads middle"
iptv windows download,"Informational, Commercial",49,70,44,0.00,"Video, Related searches"
webplayer live tv,Commercial,49,70,26,1.58,"Video, People also ask, Related searches"
iptv german,Commercial,48,2400,37,1.10,"AI Overview, People also ask, Related searches"
iptv tv stick,Commercial,48,590,17,0.00,"Sitelinks, Reviews, Video, People also ask, Related searches, Popular products"
bester iptv anbieter,Commercial,48,480,21,0.00,"Sitelinks, AI Overview, Video, Video carousel, People also ask, Related searches"
bestes iptv,Commercial,48,390,32,0.00,"AI Overview, Video, People also ask, Related searches"
iptv smarter downloader,"Informational, Transactional",48,390,28,0.00,"Sitelinks, AI Overview, Reviews, Video, Video carousel, People also ask, Related searches"
beste iptv anbieter,Commercial,48,320,25,0.00,"Sitelinks, AI Overview, Image, Video, Video carousel, People also ask, Related searches"
iptv for smart,"Informational, Transactional",48,320,27,1.22,"AI Overview, Reviews, Video, Video carousel, Related searches"
iptv mega,Commercial,48,260,24,0.00,"Reviews, People also ask, Related searches"
viva premium iptv,Transactional,48,260,14,0.00,"Reviews, People also ask, Related searches"
alibaba iptv,"Navigational, Transactional",48,210,30,0.00,"Video, People also ask, Related searches"
iptv 3mu list,Commercial,48,210,35,0.00,"Reviews, Video, People also ask, Related searches"
iptv player for windows,"Informational, Commercial",48,210,30,0.00,"Reviews, Video, Related searches"
iptv services,"Informational, Commercial",48,210,26,0.00,"Sitelinks, Video, Video carousel, People also ask, Related searches"
iptv service,"Informational, Commercial",48,170,32,0.00,"AI Overview, Reviews, Video, Video carousel, People also ask, Related searches"
ıptv free,"Informational, Transactional",48,170,55,0.90,"Reviews, Video, Video carousel, People also ask, Related searches"
iptv liste kaufen,Commercial,48,140,1,0.00,"AI Overview, People also ask, Related searches"
9xtream apk,"Informational, Transactional",48,110,23,0.00,"AI Overview, Reviews, Related searches"
beste iptv app für lg tv,Commercial,48,110,20,0.00,"AI Overview, Video, People also ask, Related searches"
iptv windows 11,Commercial,48,110,22,0.00,"AI Overview, Reviews, Video, Video carousel, People also ask, Related searches"
activation iptv,"Informational, Transactional",48,90,10,0.00,"Reviews, Video, Video carousel, People also ask, Related searches"
best iptv player android,Commercial,48,90,41,0.00,"Sitelinks, AI Overview, Reviews, Video, Video carousel, People also ask, Related searches"
iptv activare,"Informational, Transactional",48,90,19,0.00,"Reviews, Video, Video carousel, Related searches"
radio xtream,"Informational, Commercial",48,90,16,0.00,"Reviews, Related searches"
what is iptv github,"Navigational, Transactional",48,90,70,0.00,"AI Overview, People also ask, Related searches"
xtreamcube,"Navigational, Transactional",48,90,0,0.76,Related searches
9xtream d & play iptv,Commercial,48,70,24,0.00,"Video, People also ask, Related searches"
best iptv player for android,Commercial,48,70,47,0.00,"Sitelinks, AI Overview, Reviews, Video, Video carousel, People also ask, Related searches"
iptv player linux,"Informational, Commercial",48,70,12,0.00,"AI Overview, Reviews, Video, Related searches"
best iptv,"Informational, Commercial",47,720,30,1.12,"Sitelinks, Video, People also ask, Related searches"
extreme iptv,Transactional,47,590,30,0.00,"Reviews, Video, People also ask, Related searches"
iptv m3u playlist,Commercial,47,320,27,0.00,"AI Overview, Video, Video carousel, People also ask, Related searches"
iptv smarters apk,Commercial,47,320,35,0.00,"Reviews, Video, People also ask, Related searches"
kodi box,Commercial,47,260,21,0.51,"Sitelinks, Reviews, Video, People also ask"
test tv box,"Informational, Commercial",47,260,31,0.28,"Sitelinks, Reviews, Video, Video carousel, People also ask, Related searches"
best iptv provider,Commercial,47,210,43,0.00,"AI Overview, Video, Video carousel, People also ask, Related searches"
beste iptv anbieter forum,Commercial,47,170,10,0.00,"Sitelinks, Reviews, People also ask, Related searches"
iptv best,Commercial,47,170,26,0.00,"Sitelinks, AI Overview, Video, Video carousel, People also ask, Related searches"
iptv smarters pro download android,Commercial,47,170,33,0.00,"Reviews, Video carousel, Related searches"
kodi add-ons,Commercial,47,170,10,0.27,"Sitelinks, Reviews, Video, People also ask"
streams for kodi,"Informational, Commercial",47,170,37,1.71,"Sitelinks, Reviews, Video, Video carousel, People also ask"
iptv smarters pro pc,"Informational, Transactional",47,140,31,0.00,"Reviews, Video, Related searches"
koditvbox,Commercial,47,140,23,0.00,"AI Overview, Reviews, Image, Video, Video carousel, People also ask, Related searches"
iptv bester anbieter,Commercial,47,110,24,0.00,"AI Overview, Reviews, Video, Video carousel, People also ask, Related searches"
kodi add ons for sports,"Informational, Commercial",47,110,23,0.00,"Sitelinks, Reviews, Video, Video carousel, People also ask"
smarters iptv apk,Commercial,47,110,33,0.00,"Reviews, Video, Related searches"
sport add ons kodi,Commercial,47,110,11,0.00,"Sitelinks, Video, Video carousel, People also ask"
best android player for iptv,Commercial,47,90,31,0.00,"Sitelinks, AI Overview, Reviews, Video, Video carousel, People also ask, Related searches"
beste iptv box android,"Informational, Commercial",47,90,16,0.00,"Video, Video carousel, People also ask, Related searches"
beste kodi addon,Commercial,47,90,12,0.00,"Sitelinks, Video"
besten kodi addons,Commercial,47,90,15,0.00,"Sitelinks, Video, People also ask"
ip tv kodu,"Informational, Transactional",47,90,44,0.00,"Reviews, Video, Video carousel, People also ask, Related searches"
iptv linux software,Commercial,47,90,9,0.00,"AI Overview, Reviews, Video, Related searches"
iptv smarters windows,"Informational, Transactional",47,90,34,0.00,"Reviews, Video, Video carousel, People also ask, Related searches"
iptv stick amazon,"Informational, Transactional",47,90,31,0.00,"Sitelinks, Video, People also ask, Related searches, Popular products"
kodi adons,Commercial,47,90,11,0.00,"Sitelinks, Reviews, Video, People also ask"
kodi iptv addon,Commercial,47,90,15,0.00,"Sitelinks, Reviews, Video"
tv box kaufen,Transactional,47,90,22,1.46,"Video, People also ask, Related searches, Popular products"
aplle tv box,"Navigational, Transactional",47,70,49,0.30,"Sitelinks, Video, People also ask, Related searches, Popular products"
europe iptv,Commercial,47,70,18,0.75,"Video, People also ask, Related searches"
kodi addons 2025,Commercial,47,70,,0.37,"Sitelinks, Video, Video carousel, People also ask"
kodi beste addons,Commercial,47,70,13,0.00,"Sitelinks, Reviews, Video, People also ask"
tivimate iptv player,Commercial,46,1600,30,0.00,"People also ask, Related searches"
iptvmeezzy,Transactional,46,1300,15,0.00,"Sitelinks, AI Overview, Related searches"
iptv deutsch,"Informational, Commercial",46,590,30,0.00,"AI Overview, Video, Related searches"
iptv line,"Informational, Commercial",46,590,10,0.00,"AI Overview, Reviews, Image, Video, People also ask"
iptv line kaufen,Commercial,46,480,6,0.00,"Video, People also ask, Popular products"
iptv cameras,"Informational, Transactional",46,390,57,0.83,"Reviews, Video, Video carousel, People also ask, Knowledge panel, Related searches, Popular products"
iptv lines kaufen,Commercial,46,390,10,0.00,"AI Overview, Video, People also ask, Related searches"
iptv premium,"Informational, Commercial",46,390,15,0.00,"AI Overview, Reviews, Video, Video carousel, People also ask, Related searches"
bester iptv,Commercial,46,320,21,0.00,"AI Overview, Video, People also ask, Related searches"
iptv pornos,Commercial,46,260,9,0.00,People also ask
iptv subscriptions,"Informational, Commercial",46,260,37,0.93,"Sitelinks, AI Overview, Video, Video carousel, People also ask, Related searches"
my iptv.app,Commercial,46,260,36,1.10,"Reviews, People also ask"
iptvhafen,"Informational, Transactional",46,210,2,0.00,Related searches
iptv aliexpress,"Navigational, Transactional",46,170,32,0.00,"People also ask, Related searches"
iptv sub,"Informational, Commercial",46,170,17,1.05,"Sitelinks, Video, Video carousel, People also ask, Related searches"
tv bro apk,Commercial,46,170,25,0.00,"Reviews, Related searches"
viva iptv,"Informational, Commercial",46,170,23,0.00,"AI Overview, Reviews, People also ask"
free iptv mu3,"Informational, Transactional",46,140,40,0.00,"Reviews, Video, Video carousel, People also ask, Related searches"
german iptv erfahrungen,"Informational, Commercial",46,140,22,0.00,"Sitelinks, AI Overview, Reviews, Video, Video carousel, People also ask, Related searches"
iptv apk pro,Commercial,46,140,25,0.00,"Reviews, Video, Related searches"
iptv europe,"Informational, Commercial",46,140,31,1.02,"AI Overview, Video, Video carousel, People also ask, Related searches"
iptv-anbieter liste,"Informational, Commercial",46,140,30,0.00,"Sitelinks, AI Overview, Video, People also ask, Related searches"
iptvdeutschland,Commercial,46,140,12,1.35,"AI Overview, Video, Video carousel, People also ask, Related searches"
subscribeip tv,"Informational, Commercial",46,140,13,0.00,"Sitelinks, Video, Video carousel, Related searches"
z2u iptv,"Navigational, Transactional",46,140,11,0.00,"People also ask, Related searches"
aliexpress iptv,"Navigational, Transactional",46,110,31,0.00,"People also ask, Related searches"
besten iptv anbieter,Commercial,46,110,17,0.00,"Sitelinks, AI Overview, Video, Related searches"
iptv anbieter mit sky,"Informational, Commercial",46,110,20,0.00,"Sitelinks, AI Overview, Reviews, Video, People also ask, Related searches"
iptv anbieter testsieger,"Informational, Commercial",46,110,30,0.00,"AI Overview, Video, People also ask, Related searches"
iptv bester,Commercial,46,110,27,0.00,"AI Overview, Video, People also ask, Related searches"
iptv günstig,"Informational, Commercial",46,110,39,0.00,"Video, People also ask, Related searches"
iptv set top box,Commercial,46,110,15,0.00,"Video, People also ask, Related searches, Popular products"
iptv subscribe,"Informational, Commercial",46,110,34,0.00,"Sitelinks, AI Overview, Video, Video carousel, People also ask, Related searches"
iptvgreat,Commercial,46,110,,1.42,"Sitelinks, People also ask, Related searches"
iptv accounts,Commercial,46,90,18,0.00,"Sitelinks, Video, Related searches"
iptv anbieter deutsch,"Informational, Commercial",46,90,27,0.00,"AI Overview, Video, Related searches"
iptv rapid,Commercial,46,90,2,0.97,"People also ask, Related searches"
iptv website,Commercial,46,90,38,0.00,"AI Overview, People also ask, Related searches"
iptv worldwide,"Informational, Commercial",46,90,,0.00,"Sitelinks, Video, Video carousel, People also ask, Related searches"
streaming apk,Commercial,46,90,33,0.00,"AI Overview, Reviews, Video, People also ask, Related searches"
web browser iptv,Commercial,46,90,44,0.00,"Reviews, Video, People also ask, Related searches"
fire tv stick crack iptv,"Informational, Transactional",46,70,30,0.00,"Sitelinks, AI Overview, Video, Video carousel, People also ask, Related searches"
iptv boxen,Commercial,46,70,17,0.87,"Video, People also ask, Related searches, Popular products"
iptv tv apk,"Informational, Commercial",46,70,31,0.00,"AI Overview, Reviews, Video, People also ask, Related searches"
senderliste o2 tv,Commercial,46,70,22,0.56,"AI Overview, Reviews, Video, People also ask, Related searches, Ads top, Ads bottom"
uplptv,Commercial,46,70,12,1.45,"People also ask, Related searches"
iptv kaufen,Commercial,45,8100,23,1.33,"Video, People also ask, Related searches"
netflix aplicacion,Commercial,45,2400,67,0.62,"Reviews, Related searches"
iptv deutschland,"Informational, Commercial",45,1900,36,1.35,"AI Overview, Video, People also ask, Related searches"
iptv germany,Commercial,45,1900,25,1.44,"AI Overview, Video, People also ask, Related searches"
german iptv,Commercial,45,1600,19,0.87,"Video, People also ask, Related searches"
iptv test,Commercial,45,1600,5,0.89,"Video, People also ask, Related searches"
flixster,"Informational, Commercial",45,1300,32,1.06,"Reviews, Video, People also ask, Related searches"
streamflix,Commercial,45,1300,40,0.93,"Reviews, People also ask, Related searches"
my siptv,"Informational, Transactional",45,880,20,1.04,"Reviews, Video, Video carousel, People also ask, Related searches"
newest free global iptv,"Informational, Transactional",45,880,42,0.00,"Reviews, Video, Video carousel, People also ask, Related searches"
deutsch iptv,Commercial,45,590,10,0.00,"AI Overview, Video, Related searches"
flixter,"Informational, Commercial",45,590,21,0.90,"Reviews, Image pack, Related searches"
televizo - iptv player,Commercial,45,590,28,0.00,"Reviews, Video, People also ask, Related searches"
iptv subscription,"Informational, Commercial",45,480,24,1.27,"Sitelinks, AI Overview, Video, Video carousel, People also ask, Related searches"
iptv anbieter alle sender,Commercial,45,390,19,0.00,"AI Overview, Video, People also ask, Related searches"
bestiptv,Commercial,45,320,33,1.12,"Video, People also ask, Related searches, Ads top, Ads middle"
iptv-anbieter vergleich,Commercial,45,320,38,0.00,"Sitelinks, AI Overview, Video, People also ask, Related searches"
up iptv,Commercial,45,320,3,1.62,"People also ask, Related searches"
box android iptv,"Informational, Commercial",45,260,16,0.00,"Reviews, Video, People also ask, Related searches, Popular products"
moiflix,Commercial,45,260,26,1.27,"Reviews, Related searches"
flixte,Commercial,45,210,24,1.05,"Sitelinks, Reviews, Video, People also ask, Related searches"
flixtel,"Navigational, Transactional",45,210,27,0.83,"Sitelinks, Reviews, People also ask, Related searches"
greatestiptv,Transactional,45,210,10,0.00,"People also ask, Related searches"
ip tv player,"Informational, Commercial",45,210,38,0.53,"Reviews, Video, Video carousel, People also ask, Related searches"
ip-tv player,Commercial,45,210,39,0.53,"Reviews, Video, People also ask, Related searches"
ip-tv.app,"Informational, Commercial",45,210,39,0.78,"AI Overview, Reviews, Video, People also ask"
ipitivi,Transactional,45,210,40,0.00,"Reviews, Image pack, Video, People also ask, Related searches, Ads top"
iptv adults,Commercial,45,210,7,0.00,
iptv deutschland anbieter,"Informational, Commercial",45,210,32,0.00,"AI Overview, Video, Short videos, People also ask, Related searches"
iptv tv box,Commercial,45,210,21,0.00,"People also ask, Related searches, Popular products"
iptvhdserver,"Navigational, Transactional",45,210,10,0.00,"Sitelinks, Reviews, Video, People also ask, Ads top, Ads middle"
mxplsyer,"Informational, Transactional",45,210,31,0.48,"Reviews, Video, People also ask, Knowledge panel, Related searches"
rise and fall amazon mx player,"Informational, Transactional",45,210,27,0.00,"Reviews, Video, Video carousel, People also ask, Knowledge panel, Related searches"
bester iptv provider,Commercial,45,170,20,0.00,"Sitelinks, AI Overview, Video, People also ask, Related searches"
deutschland schweiz free tv,"Informational, Commercial",45,140,36,0.00,"Featured snippet, Reviews, Video, People also ask, Related searches"
iptv online kaufen,Commercial,45,140,22,0.00,"Video, People also ask, Related searches, Popular products"
iptv shop,Commercial,45,140,17,0.00,"AI Overview, Video, People also ask, Related searches"
iptv vergleich,Commercial,45,140,37,0.00,"AI Overview, Reviews, Video, People also ask, Related searches"
kodi addons xstream,Commercial,45,140,6,0.00,"Video, Video carousel, People also ask"
ott player download,Commercial,45,140,27,0.00,"Reviews, People also ask, Related searches"
ottplayer download,Commercial,45,140,23,0.00,"Reviews, People also ask, Related searches"
smarter iptv apk download,Commercial,45,140,32,0.00,"Reviews, Video, Related searches"
xstreame,Commercial,45,140,23,1.30,"Reviews, People also ask, Related searches"
casa iptv,Commercial,45,110,2,0.00,"AI Overview, People also ask, Related searches"
flixy tv,Commercial,45,110,28,0.68,"AI Overview, Video carousel, People also ask, Related searches, Ads top, Ads middle"
iptv alibaba,"Navigational, Transactional",45,110,29,0.00,"Video, People also ask, Related searches"
iptv preis,Transactional,45,110,35,0.00,"Sitelinks, AI Overview, Video, People also ask, Related searches"
kodi xtream,Commercial,45,110,30,0.00,"Video, People also ask"
moflix filme,Commercial,45,110,19,0.00,"People also ask, Related searches"
moflix.de,Commercial,45,110,21,1.27,"Reviews, Video"
smart iptv xtream player,"Informational, Transactional",45,110,27,0.00,"Reviews, Video, People also ask"
smarterplayer,Commercial,45,110,29,0.49,"Reviews, Video, Video carousel, People also ask, Related searches"
vergleich iptv,Commercial,45,110,37,0.00,"Sitelinks, AI Overview, Reviews, Video, People also ask, Related searches"
xstreamity,Commercial,45,110,8,0.57,"Sitelinks, Reviews, Video, People also ask, Related searches"
adult iptv free,"Informational, Commercial",45,90,,0.00,People also ask
adults iptv free,"Informational, Commercial",45,90,15,0.00,People also ask
dezor iptv,"Informational, Transactional",45,90,26,0.00,"Reviews, Video, People also ask, Related searches"
flixmomo.tv,Commercial,45,90,18,0.00,"AI Overview, Reviews, Video"
iptv app lg,Commercial,45,90,16,0.00,"Video, Video carousel, People also ask, Related searches"
kodi xstream repo,Commercial,45,90,25,0.00,"Sitelinks, Reviews, Video, People also ask"
moflix.xyz,Commercial,45,90,11,0.00,Video
onionplay mx,"Informational, Transactional",45,90,50,0.00,"Reviews, People also ask, Related searches"
smart iptv kaufen,Transactional,45,90,29,0.00,"Reviews, Video, People also ask, Related searches"
smaters player lite,"Informational, Transactional",45,90,27,0.36,"Reviews, Video, People also ask, Knowledge panel, Related searches"
theflixter,"Informational, Transactional",45,90,31,0.73,
xstream kodi installieren,Commercial,45,90,11,0.00,"AI Overview, Video, Video carousel, People also ask"
android tv netflix apk,Commercial,45,70,23,0.00,"AI Overview, Reviews, Related searches"
flixtur,"Informational, Transactional",45,70,39,0.83,"Reviews, Related searches"
greatestiptv .com,"Navigational, Transactional",45,70,0,0.00,"Reviews, Video"
iptv playlist kaufen,Commercial,45,70,8,0.00,"Video, Related searches"
iptv smart player windows,Transactional,45,70,40,0.00,"Reviews, Video, Video carousel, People also ask, Related searches"
kaufeniptv,Commercial,45,70,2,0.89,"Video, People also ask, Ads top, Ads middle"
tv tflix app,"Informational, Transactional",45,70,28,1.17,"Video, Video carousel, People also ask, Related searches"
deutschland iptv,Commercial,44,1300,30,1.35,"AI Overview, Video, People also ask, Related searches"
iptvkaufen,Transactional,44,1300,21,0.99,"Image pack, Video, Related searches, Ads top, Ads bottom"
xstream kodi,Commercial,44,1300,29,0.00,"AI Overview, Reviews, Image pack, Video, Video carousel, People also ask"
6iptv,"Navigational, Transactional",44,1000,6,1.90,"People also ask, Related searches"
iptv alle sender,"Informational, Commercial",44,1000,17,0.00,"AI Overview, Reviews, Video, People also ask, Related searches"
iptv receiver,"Informational, Commercial",44,880,16,0.00,"Sitelinks, Video, People also ask, Related searches, Popular products"
anbieteriptv,Commercial,44,480,30,0.00,"AI Overview, Video, Related searches"
iptv box sky,"Informational, Transactional",44,480,32,0.00,"AI Overview, Reviews, Video, Video carousel, People also ask, Related searches"
beste iptv,Commercial,44,390,18,0.00,"Sitelinks, AI Overview, Video, People also ask, Related searches"
iptv anbieter forum,Commercial,44,390,11,0.00,"Sitelinks, People also ask, Related searches"
forum iptv,"Informational, Transactional",44,320,10,0.00,People also ask
online iptv player,"Informational, Transactional",44,260,55,0.00,"Reviews, People also ask, Knowledge panel"
iptv kodi,Commercial,44,210,24,0.00,"AI Overview, Reviews, Video, Video carousel, People also ask"
iptv testen,Commercial,44,210,0,0.00,Related searches
movie flix com,Commercial,44,210,20,1.80,"Reviews, Related searches"
bester iptv anbieter deutschland,Commercial,44,170,19,0.00,"Sitelinks, AI Overview, Video, Short videos, People also ask, Related searches"
iptv buy,"Informational, Commercial",44,170,45,0.00,"AI Overview, Video, Related searches"
greek vpn,Commercial,44,140,52,0.00,"Reviews, Video, Related searches"
best iptv player for windows,Commercial,44,110,31,0.00,"Reviews, Video carousel, People also ask, Related searches"
iptv box alle sender,Commercial,44,110,46,0.00,"Image, Video, People also ask, Related searches, Popular products"
iptv listen kaufen,Commercial,44,110,8,0.00,"AI Overview, People also ask, Related searches"
jailbreak tv stick,"Informational, Transactional",44,110,22,0.00,"Sitelinks, Reviews, Video, Video carousel, People also ask, Related searches"
smarters iptv windows,"Informational, Transactional",44,110,41,0.00,"AI Overview, Reviews, Video, Video carousel, People also ask, Related searches"
ss iptv playlist,"Informational, Transactional",44,110,18,0.00,"Reviews, Video, Video carousel, People also ask, Related searches"
ssiiptv,"Informational, Transactional",44,110,33,2.33,"Reviews, Image pack, Video, Video carousel, Related searches"
amazon stick iptv,"Informational, Transactional",44,90,31,0.00,"Sitelinks, People also ask, Related searches"
fire tv stick testbericht,Commercial,44,90,22,0.36,"Sitelinks, AI Overview, Video, Video carousel, People also ask, Related searches, Ads bottom"
livenet.tv,Commercial,44,90,27,0.00,Video
kodi live tv addon,Commercial,44,70,6,0.00,"Sitelinks, Video, People also ask"
smarttube.apk,"Informational, Transactional",44,70,49,0.23,"Sitelinks, Reviews"
upiptv,"Informational, Commercial",43,1900,2,1.66,"AI Overview, Related searches"
best streaming services,Commercial,43,1600,74,2.34,"Sitelinks, AI Overview, Reviews, Video, Video carousel, People also ask, Related searches"
movieflix,"Informational, Commercial",43,1600,32,1.12,"Reviews, Video, People also ask, Related searches"
iptv anbieter vergleich,Commercial,43,590,41,0.00,"AI Overview, Video, People also ask, Related searches"
iptvgermany,Commercial,43,480,10,0.88,"Video, Related searches, Ads middle"
adult iptv,Commercial,43,390,10,0.00,
brasflix,Commercial,43,260,29,0.81,Video
musik-streaming-dienste vergleich 2025,Commercial,43,260,34,0.00,"Sitelinks, Reviews, Video, People also ask, Related searches"
iptv box kaufen,Transactional,43,210,24,0.00,"Video, People also ask, Related searches, Popular products"
kaufen iptv,Commercial,43,210,30,0.00,"Video, People also ask, Related searches, Popular products"
recommended iptv providers,Commercial,43,210,44,0.00,"Sitelinks, People also ask, Related searches"
fire stick upgrades,"Informational, Transactional",43,170,20,0.00,"Video, Video carousel, Short videos, People also ask, Related searches, Popular products"
netfil app,"Informational, Transactional",43,170,57,0.62,"Reviews, People also ask, Related searches"
tivimate accounts,"Informational, Transactional",43,170,25,1.16,"Sitelinks, Reviews, Video, People also ask, Related searches"
top 10 streaming dienste,"Informational, Commercial",43,170,39,1.08,"AI Overview, Video, People also ask, Related searches"
netflix installer,Commercial,43,140,70,0.14,"Video, Related searches"
porn iptv,Commercial,43,140,1,0.00,People also ask
ip television pc,"Informational, Commercial",43,110,36,0.00,"Featured snippet, Reviews, Video, People also ask, Related searches, Ads middle"
iptv abo kaufen,Commercial,43,110,10,0.00,"Video, Related searches"
iptv list kaufen,Commercial,43,110,10,0.00,"AI Overview, Video, People also ask, Related searches"
iptv preise,Transactional,43,110,32,0.00,"AI Overview, Reviews, Image, Video, People also ask, Related searches"
netflix dowb,Commercial,43,110,50,0.00,"People also ask, Related searches"
netflix dowlod,Transactional,43,110,74,0.26,"Reviews, Video, People also ask, Related searches"
netflixapp,"Informational, Transactional",43,110,70,0.62,"People also ask, Related searches"
plex fire tv,Commercial,43,110,22,0.00,"Sitelinks, Reviews, Video, People also ask, Related searches"
top 10 streaming dienste kosten,"Informational, Commercial",43,110,37,1.10,"Sitelinks, AI Overview, Reviews, Video, People also ask, Related searches"
addons iptv kodi,Commercial,43,90,5,0.00,"Sitelinks, Reviews, Video"
beste stream box,Commercial,43,90,22,0.67,"Sitelinks, Reviews, Video, Video carousel, People also ask, Related searches, Popular products"
beste streaming angebote,Commercial,43,90,38,1.31,"AI Overview, Reviews, Video, People also ask, Related searches"
beste streaming boxen,Commercial,43,90,23,0.67,"Sitelinks, Reviews, Video, Video carousel, People also ask, Related searches"
bester streaming dienst tv,Commercial,43,90,37,1.77,"Sitelinks, AI Overview, Reviews, Video, People also ask, Related searches"
musik streaming dienste im test,Commercial,43,90,27,0.66,"Sitelinks, Reviews, Video, Short videos, People also ask, Related searches"
netflix aplicacion pc,"Informational, Transactional",43,90,49,0.00,"Reviews, Video, People also ask, Related searches"
netflxi app,"Informational, Transactional",43,90,66,0.62,"Reviews, People also ask, Related searches"
streamanbieter,Commercial,43,90,45,7.65,"AI Overview, Reviews, Video, People also ask, Related searches, Ads middle"
streaming dienst vergleich,Commercial,43,90,37,1.60,"Reviews, Video, Video carousel, People also ask, Related searches"
streaming-dienste vergleich,Commercial,43,90,35,1.33,"AI Overview, Reviews, Video, People also ask, Related searches"
was ist der beste musik streaming dienst,Commercial,43,90,19,0.71,"Sitelinks, AI Overview, Reviews, Video, People also ask, Related searches, Ads bottom"
beste streaming box 2025,Commercial,43,70,30,0.00,"Sitelinks, Reviews, Video, People also ask, Related searches"
beste streaming dienst,Commercial,43,70,35,1.89,"AI Overview, Reviews, Video, People also ask, Related searches"
beste streaming-dienste,Commercial,43,70,40,1.71,"Sitelinks, AI Overview, Reviews, Video, People also ask, Related searches, Ads bottom"
ip tv pro,"Informational, Transactional",43,70,36,0.94,"Reviews, Video, Video carousel, People also ask, Related searches"
iptv android tv box,"Informational, Commercial",43,70,22,0.00,"Reviews, Video, Video carousel, People also ask, Related searches, Popular products"
iptv m3u kaufen,Commercial,43,70,14,0.00,"AI Overview, Related searches"
iptvus,Commercial,43,70,42,1.20,"Reviews, People also ask"
netlifx app,"Informational, Transactional",43,70,63,0.62,"Reviews, People also ask, Related searches"
streaming dienste vergleichen,Commercial,43,70,36,1.60,"Reviews, Video, People also ask, Related searches, Ads middle"
tv streamen anbieter,Commercial,43,70,35,2.47,"Sitelinks, AI Overview, Video, People also ask, Related searches, Ads top, Ads middle"
tv streaming dienste vergleich,Commercial,43,70,33,1.14,"Sitelinks, Video, People also ask, Related searches, Ads top, Ads bottom"
vergleich streaming dienste musik,Commercial,43,70,29,0.44,"Sitelinks, AI Overview, Reviews, Video, People also ask, Related searches"
welches ist der beste streamingdienst,Commercial,43,70,36,1.56,"AI Overview, Reviews, Video, People also ask, Related searches"
moflix-stream,Commercial,42,2900,15,1.71,Related searches
televizo,"Informational, Transactional",42,2900,27,0.35,"Reviews, Video, People also ask, Related searches"
addons für kodi,Commercial,42,1300,11,0.01,"Sitelinks, Reviews, Video, People also ask"
stb приемник,"Informational, Transactional",42,590,25,0.00,"Image pack, Video, People also ask, Knowledge panel, Related searches"
downloader amazon fire tv,"Informational, Transactional",42,390,39,0.00,"Sitelinks, Reviews, Video, Video carousel, People also ask, Related searches"
movie box movie,Commercial,42,390,44,0.62,"Reviews, Video, Related searches"
movie box.,Commercial,42,390,42,0.66,"Reviews, People also ask, Related searches"
moviebox application,"Informational, Commercial",42,390,64,0.00,"AI Overview, Reviews, Video, Video carousel, Related searches"
bundesliga iptv,Commercial,42,260,19,0.00,"Sitelinks, Reviews, Video, Related searches"
iptv anbieter deutschland,"Informational, Commercial",42,260,30,0.00,"AI Overview, Video, People also ask, Related searches"
iptv-abonnement,"Informational, Commercial",42,260,15,0.00,"Video, People also ask, Related searches"
tv mate iptv player,Commercial,42,260,33,0.00,"AI Overview, Reviews, Video, People also ask, Related searches"
addons kodi,Commercial,42,170,11,0.00,"Reviews, Video"
ip tv boxen,"Informational, Commercial",42,170,25,0.00,"Video, Video carousel, People also ask, Related searches, Popular products"
ip tv smart player,Transactional,42,170,31,0.00,"Reviews, Video, People also ask, Related searches"
moviebox ph,Commercial,42,170,35,0.00,"Video, People also ask, Related searches"
plex for fire tv stick,"Informational, Transactional",42,170,19,0.00,"Sitelinks, Video, Video carousel, People also ask, Related searches"
set top boxen,Commercial,42,170,14,0.54,"Sitelinks, Image, Image pack, Video, People also ask, Related searches, Popular products"
kodi tv android tv,"Informational, Transactional",42,110,24,0.00,"Sitelinks, Reviews, Video, People also ask"
moviebox online,"Informational, Commercial",42,110,36,0.95,"AI Overview, Reviews, Related searches"
desiflix.,Commercial,42,90,28,0.00,Video
iptv decoder box,Commercial,42,90,23,0.00,"Video, People also ask, Related searches, Popular products"
iptv set top,Commercial,42,90,16,0.00,"Video, People also ask, Related searches, Popular products"
kodi software for firestick,"Informational, Transactional",42,90,34,0.00,"Sitelinks, Video carousel, People also ask"
kodi tv addons live tv,Commercial,42,90,10,0.00,"Sitelinks, Reviews, Video, Video carousel, People also ask"
movie box mod apk,"Informational, Commercial",42,90,15,0.00,"Reviews, Video, Related searches"
moviebox ios,"Informational, Transactional",42,90,40,0.00,"Video, Video carousel, People also ask, Related searches"
moviebox mod apk,"Informational, Commercial",42,90,15,0.00,"Reviews, Video, Related searches"
netflix for windows,"Informational, Transactional",42,90,42,0.00,"Reviews, Related searches"
popcornkino,"Informational, Commercial",42,90,14,1.31,"Reviews, Video, People also ask, Related searches"
tivimate 4pda,"Navigational, Transactional",42,90,35,0.00,"Sitelinks, Related searches"
tivimax iptv player,Transactional,42,90,28,0.00,"Video, People also ask, Related searches"
tivione iptv,Commercial,42,90,10,0.00,"Reviews, Related searches"
was ist eine set-top-box,"Informational, Commercial",42,90,13,0.46,"AI Overview, Reviews, Video, People also ask, Related searches"
anmeflix,Commercial,42,70,32,3.15,"Reviews, Related searches"
movieboxpro download,Transactional,42,70,48,0.00,"People also ask, Related searches"
netflix aplicación,Commercial,41,3600,72,0.62,"Reviews, Video, People also ask, Related searches"
animeflix,Commercial,41,2900,58,3.15,"Reviews, Image, Video, Related searches"
xstream,Commercial,41,2400,26,1.30,"Reviews, People also ask, Related searches"
aquipelis plus,Commercial,41,1600,30,0.00,
watch this iphone,"Informational, Transactional",41,1600,30,0.28,"Reviews, Video, Video carousel, People also ask, Related searches"
watched app,"Informational, Transactional",41,880,33,0.69,"Reviews, People also ask, Related searches"
ibo show,"Informational, Transactional",41,390,32,0.00,"Reviews, Image, Video, Video carousel, Short videos, People also ask, Knowledge panel, Related searches"
my siptv eu,"Informational, Transactional",41,390,29,1.02,"AI Overview, Reviews, Video, People also ask, Related searches"
beste iptv anbieter illegal,"Informational, Commercial",41,320,29,0.00,"Sitelinks, AI Overview, Video, People also ask, Related searches"
beste iptv-anbieter illegal,Commercial,41,320,26,0.00,"AI Overview, Reviews, Video, People also ask, Related searches"
beste m3u liste,Commercial,41,320,18,0.70,"Sitelinks, AI Overview, Reviews, Video, People also ask, Related searches"
ibuplayer,"Informational, Commercial",41,320,46,0.86,"AI Overview, Reviews, Video, People also ask, Related searches"
sky q sky,Commercial,41,320,22,2.08,"AI Overview, Video, People also ask, Related searches, Ads top, Ads bottom"
skyq receiver,"Informational, Transactional",41,320,23,2.12,"Reviews, Video, Video carousel, People also ask, Related searches, Popular products"
smartube fire tv,"Informational, Transactional",41,320,28,0.00,"Sitelinks, AI Overview, Reviews, Video, Video carousel, Related searches"
streaming on kodi,Commercial,41,260,37,1.66,"AI Overview, Reviews, Video, Video carousel, People also ask"
video player for online,Commercial,41,260,22,0.00,"Sitelinks, Reviews, Video, Related searches, Ads bottom"
anbieter für fernsehen,"Informational, Commercial",41,210,35,2.50,"AI Overview, Reviews, Video, People also ask, Related searches"
bester iptv anbieter illegal,Commercial,41,210,27,0.00,"AI Overview, Reviews, Video, People also ask, Related searches"
bester iptv-anbieter illegal,Commercial,41,210,29,0.00,"AI Overview, Reviews, Video, People also ask, Related searches"
iboplayer login,"Navigational, Transactional",41,210,38,0.00,"Video, Related searches"
iboplayer playlist,"Navigational, Transactional",41,210,52,1.05,"Video, People also ask, Related searches"
iptv code kaufen,Commercial,41,210,13,0.00,"AI Overview, Related searches"
kodi addon,Commercial,41,210,18,0.00,"Sitelinks, Reviews, Video"
kodi apps,Commercial,41,210,42,1.72,"Reviews, People also ask"
netflix app pc,"Informational, Transactional",41,210,47,0.00,"AI Overview, Reviews, Video, People also ask, Related searches"
netflix pc download,"Informational, Transactional",41,210,58,0.00,"AI Overview, Reviews, Video, People also ask, Related searches"
tivimate account,"Informational, Transactional",41,210,21,0.00,"Sitelinks, AI Overview, Reviews, Video, Video carousel, People also ask, Related searches"
iptv für vlc player,"Informational, Transactional",41,170,25,0.00,"Sitelinks, Reviews, Video, Video carousel, Related searches"
m3u player windows 11,Commercial,41,170,23,1.88,"Sitelinks, Reviews, Video, Video carousel, People also ask, Related searches"
sky q iptv box kaufen,Transactional,41,170,27,0.00,"Reviews, Video, People also ask, Related searches, Popular products"
downloader aftvnews,"Informational, Transactional",41,140,52,0.00,"Reviews, Related searches"
ibo pro player tv,Commercial,41,140,36,0.88,"Reviews, Video, People also ask, Related searches"
ibpro smart player,Commercial,41,140,42,0.74,"Reviews, People also ask, Related searches"
ipo player,Commercial,41,140,43,1.12,"Reviews, Video, People also ask, Related searches"
iptv smarters pro kaufen,Transactional,41,140,6,0.00,"People also ask, Related searches"
best player for iptv windows,Commercial,41,110,26,0.00,"Sitelinks, AI Overview, Reviews, Video, Video carousel, People also ask, Related searches"
ibo pro player downloader,Commercial,41,110,55,0.00,"AI Overview, Reviews, Video carousel, Related searches"
watched downloaden,"Informational, Transactional",41,110,33,0.00,"Reviews, People also ask, Related searches"
fernseher netflix,"Informational, Transactional",41,90,53,0.55,"Video, People also ask, Related searches"
ibo playe,"Informational, Commercial",41,90,33,0.86,"Reviews, People also ask, Related searches"
ibplayerpro,Commercial,41,90,37,0.79,"Reviews, Image pack, Video, People also ask, Related searches"
illegale streaming-seiten serien,"Informational, Commercial",41,90,18,0.00,"Sitelinks, Reviews, Video, Related searches"
kodi tvaddon,Commercial,41,90,8,0.00,"Reviews, Video, Video carousel, People also ask"
serie illegal streamen,"Informational, Commercial",41,90,46,0.00,"Sitelinks, Reviews, Video, People also ask, Related searches"
sky q receiver bestellen,"Informational, Transactional",41,90,29,1.92,"AI Overview, Reviews, People also ask, Related searches"
smart iptv eu,"Informational, Transactional",41,90,29,0.00,"AI Overview, Reviews, Video, Video carousel, People also ask, Related searches"
fire tv stick cracked,"Informational, Transactional",41,70,27,0.00,"Sitelinks, Video, Video carousel, People also ask, Related searches"
ibo player pro aktivieren paypal,Commercial,41,70,0,0.00,"Video, Related searches"
ibo xplayer,"Informational, Transactional",41,70,23,0.86,"Reviews, Video, People also ask, Related searches"
ibo-player,"Informational, Commercial",41,70,38,0.86,"AI Overview, Reviews, People also ask, Related searches"
sky q box kaufen,Transactional,41,70,,0.53,"Reviews, Image, People also ask, Related searches, Popular products"
xstream x,Commercial,40,2400,29,1.30,"Reviews, People also ask"
smart ip tv,"Informational, Commercial",40,1600,34,1.22,"Reviews, Image pack, Video, Video carousel, People also ask, Related searches"
ss iptv,"Informational, Transactional",40,1600,31,2.08,"Reviews, People also ask, Related searches"
germany iptv,Commercial,40,1300,21,0.87,"AI Overview, Video, Video carousel, Related searches"
kodi kodi download,"Informational, Transactional",40,1300,47,0.00,"Video, People also ask"
netflix netflix download,"Informational, Transactional",40,1000,72,0.26,"AI Overview, Reviews, People also ask, Related searches"
kodi addons deutsch,Commercial,40,590,15,0.65,"Reviews, Video, Video carousel, People also ask"
windows app netflix,"Informational, Transactional",40,590,50,0.00,"Reviews, Video, People also ask, Related searches"
televizo fire stick,"Informational, Transactional",40,480,29,0.48,"Sitelinks, AI Overview, Reviews, Video, Video carousel, People also ask, Related searches"
kodi add ons,Commercial,40,390,12,0.00,"Reviews, Video, People also ask"
ibo player pro playlist,"Informational, Transactional",40,260,24,0.74,"People also ask, Related searches"
netflix anmelden tv,"Navigational, Transactional",40,260,59,1.54,"AI Overview, Video, People also ask, Related searches"
fernseher mit netflix,Commercial,40,210,31,0.19,"Image, Video, People also ask, Related searches, Popular products"
germaniptv,Commercial,40,210,17,0.88,"Video, People also ask, Related searches"
ip tv smart,Commercial,40,210,36,0.00,"Reviews, Image pack, Video, People also ask, Related searches"
app netflix,"Informational, Transactional",40,170,72,0.00,"Video, People also ask, Related searches"
best ip tv,Commercial,40,170,33,1.12,"Sitelinks, Reviews, Video, Video carousel, People also ask, Related searches"
bester tv anbieter,Commercial,40,170,41,1.97,"Sitelinks, AI Overview, Reviews, Video, People also ask, Related searches"
netflix windows app download,"Informational, Transactional",40,170,51,0.00,"AI Overview, Reviews, Video, People also ask, Related searches"
bester tv streaming dienst,Commercial,40,140,39,2.13,"Sitelinks, AI Overview, Reviews, Video, People also ask, Related searches"
german ip tv,Commercial,40,140,10,0.87,"AI Overview, Video, People also ask, Related searches"
free m3u playlist,Commercial,40,110,48,0.00,"Sitelinks, AI Overview, Reviews, Video, Video carousel, Related searches"
streaming platformen,"Informational, Commercial",40,110,50,2.24,"Featured snippet, Video, People also ask, Related searches, Ads top, Ads bottom"
amazon fire tv stick on laptop,"Informational, Transactional",40,90,17,0.00,"AI Overview, Reviews, Video, Video carousel, People also ask, Related searches"
ip tv provider,"Informational, Commercial",40,90,31,0.00,"Video, People also ask, Related searches"
netflix fernseher anmelden,"Navigational, Transactional",40,90,63,0.00,"AI Overview, Video, People also ask, Related searches"
tivimate player,Commercial,40,90,30,0.00,"Reviews, People also ask, Related searches"
free movie box,Commercial,40,70,27,0.00,"Reviews, Video, Related searches"
ip tv germany,"Informational, Commercial",40,70,16,0.88,"AI Overview, Video, People also ask, Related searches"
iptv playlist reddit,"Navigational, Transactional",40,70,34,0.00,Related searches
iptvsmater,"Informational, Transactional",40,70,40,0.83,"Reviews, Video, People also ask, Related searches"
netflix app,"Informational, Transactional",39,8100,67,0.62,"Reviews, People also ask, Related searches"
set top box set top box,"Informational, Commercial",39,1900,17,0.74,"Sitelinks, Reviews, Video, People also ask, Related searches, Popular products"
streaming dienste vergleich,Commercial,39,1600,43,1.33,"AI Overview, Reviews, Video, Video carousel, People also ask, Related searches, Ads bottom, Ads middle"
ip tv kaufen,Commercial,39,590,30,1.33,"Video, People also ask, Related searches"
ip smarters pro apk,Commercial,39,480,37,0.00,"Reviews, Video, People also ask, Related searches"
iptv test line,Commercial,39,480,1,0.00,Related searches
free apps for tv,Commercial,39,390,40,0.71,"Sitelinks, AI Overview, Reviews, Video, Video carousel, People also ask, Related searches, Ads bottom, Ads middle"
githubusercontent iptv,"Navigational, Transactional",39,390,44,0.00,"Video, Video carousel, Related searches"
tv streaming vergleich,Commercial,39,390,40,2.03,"Sitelinks, Reviews, Video, People also ask, Related searches, Ads middle"
internet tv anbieter vergleich,Commercial,39,320,40,1.58,"Sitelinks, AI Overview, Reviews, Video, People also ask, Related searches, Ads top, Ads bottom"
m3u listen,Commercial,39,320,29,0.82,"Reviews, Video, People also ask, Related searches"
streaming anbieter vergleich,Commercial,39,320,36,1.84,"AI Overview, Reviews, Video, People also ask, Related searches"
tv internet vergleich,Commercial,39,320,39,1.74,"Sitelinks, Reviews, Video, People also ask, Related searches"
vergleich internet tv,Commercial,39,320,39,1.77,"Sitelinks, Reviews, Video, People also ask, Related searches, Ads top, Ads bottom"
kodi for movies,Commercial,39,260,50,0.00,"Sitelinks, AI Overview, Reviews, Video, Video carousel, People also ask"
kodi tv addon,Commercial,39,260,25,0.00,"Sitelinks, Reviews, Video, People also ask"
movie box app,"Informational, Transactional",39,260,13,0.88,"Reviews, Video, People also ask, Related searches"
movie on kodi,"Informational, Commercial",39,260,43,0.00,"Sitelinks, AI Overview, Reviews, Video, Video carousel, People also ask"
xstreams,Transactional,39,260,56,1.18,People also ask
ip tv receiver,"Informational, Commercial",39,210,19,0.00,"Video, People also ask, Related searches, Popular products"
movie for kodi,"Informational, Commercial",39,210,27,0.00,"Sitelinks, Reviews, Video, People also ask"
netflix auf fernseher anmelden,"Navigational, Transactional",39,210,54,0.00,"AI Overview, Video, People also ask, Related searches"
smart tv player,"Informational, Transactional",39,210,29,0.45,"Reviews, Video, Video carousel, People also ask, Related searches"
streaming anbieter im vergleich,Commercial,39,210,40,1.58,"AI Overview, Reviews, Video, People also ask, Related searches, Ads bottom"
vergleich internet tv anbieter,Commercial,39,210,35,1.58,"Sitelinks, Reviews, Video, People also ask, Related searches"
vergleich streaming anbieter,Commercial,39,210,42,1.84,"Reviews, Video, People also ask, Related searches"
xstream installieren,"Informational, Transactional",39,210,24,0.00,"Sitelinks, Video, People also ask, Related searches"
netflix desktop,"Navigational, Transactional",39,170,72,0.00,"Reviews, Video, People also ask, Related searches"
streaming pakete vergleich,"Informational, Commercial",39,170,33,1.39,"AI Overview, Reviews, Video, People also ask, Related searches"
tv streaming anbieter vergleich,Commercial,39,170,36,1.88,"Sitelinks, AI Overview, Reviews, Video, People also ask, Related searches, Ads top, Ads bottom"
vergleich streaming dienste,Commercial,39,170,36,1.79,"AI Overview, Reviews, Video, People also ask, Related searches"
best tv for firestick,Commercial,39,140,47,0.41,"Sitelinks, Video, People also ask, Related searches, Popular products, Ads bottom"
beste kodi addons,Commercial,39,140,14,0.00,"Sitelinks, Reviews, Video, People also ask"
download kodi on windows,"Informational, Transactional",39,140,44,0.00,"Reviews, Video, People also ask"
m3u list,Commercial,39,140,25,0.61,"Reviews, Video, Video carousel, People also ask, Related searches"
netflix indir,"Informational, Transactional",39,140,54,0.00,"Reviews, People also ask, Related searches"
netflix window,"Informational, Transactional",39,110,62,0.00,"AI Overview, Video, People also ask, Knowledge panel, Related searches"
netflix windows download,"Informational, Transactional",39,110,57,0.00,"Reviews, Video, People also ask, Related searches"
player smart tv,"Informational, Transactional",39,110,29,0.45,"Reviews, Video, People also ask, Related searches"
smart player for tv,"Informational, Transactional",39,110,28,0.45,"Reviews, Video, People also ask, Related searches"
add on kodi live tv,Commercial,39,90,11,0.00,"Sitelinks, AI Overview, Reviews, Video, Video carousel, People also ask"
günstige streaming dienste,"Informational, Commercial",39,90,30,1.41,"Sitelinks, AI Overview, Reviews, Video, People also ask, Related searches, Ads top, Ads middle"
kodi android download,"Informational, Transactional",39,90,41,0.00,"Reviews, People also ask"
set top box tv,Commercial,39,90,13,0.88,"Image pack, People also ask, Related searches, Popular products"
flixster to,Commercial,39,70,27,0.00,"Reviews, Video, People also ask, Related searches"
streaming tv vergleich,Commercial,39,70,39,2.11,"Sitelinks, Reviews, Video, People also ask, Related searches, Ads top, Ads middle"
mx player mx player mx player,Commercial,38,4400,39,0.48,"AI Overview, Reviews, Video, People also ask, Related searches"
player mx player,"Informational, Commercial",38,4400,48,0.48,"AI Overview, Reviews, Image, Video, People also ask, Related searches"
beste streaming dienste,Commercial,38,1300,44,1.89,"AI Overview, Reviews, Video, People also ask, Related searches"
kodi addons,Commercial,38,1300,22,0.00,"Sitelinks, Reviews"
netflix app download,"Informational, Transactional",38,1300,75,0.11,"Reviews, Video, People also ask, Related searches"
kostenlos netflix,"Informational, Transactional",38,880,36,1.08,"Reviews, Image, Video, People also ask, Related searches"
stb set top box,"Informational, Commercial",38,880,27,0.74,"Reviews, Image, People also ask, Knowledge panel, Related searches, Popular products"
kodi.tv,"Navigational, Transactional",38,720,65,1.10,"Sitelinks, AI Overview, Reviews, Video, Video carousel"
internet tv vergleich,Commercial,38,590,36,1.74,"Sitelinks, Reviews, Video, People also ask, Related searches, Ads top, Ads middle"
netflix runterladen,"Informational, Transactional",38,590,73,0.21,"Reviews, Video, People also ask, Related searches"
streaming dienste im vergleich,Commercial,38,590,41,1.60,"Reviews, Video, People also ask, Related searches"
top tv app,Commercial,38,590,30,1.15,"AI Overview, Reviews, Video, People also ask, Related searches"
tv anbieter vergleich,Commercial,38,590,43,1.58,"AI Overview, Reviews, Video, People also ask, Related searches"
netflix tv,"Navigational, Transactional",38,390,62,1.21,"Video, People also ask, Related searches"
vergleich tv anbieter,Commercial,38,320,34,1.36,"Sitelinks, Reviews, Video, People also ask, Related searches"
netflix downloads,"Informational, Transactional",38,260,36,0.26,"AI Overview, Reviews, Video, People also ask, Related searches"
welcher tv anbieter ist der beste,Commercial,38,260,39,1.55,"Sitelinks, AI Overview, Reviews, Image, Video, People also ask, Related searches"
tv internet anbieter vergleich,Commercial,38,210,36,1.58,"Sitelinks, Reviews, People also ask, Related searches"
kodi movie online,"Informational, Transactional",38,170,40,0.00,"Reviews, Video, Video carousel"
best streaming service,Commercial,38,140,83,2.34,"Sitelinks, Reviews, Video, People also ask, Related searches"
kodi repos,Commercial,38,140,20,0.00,"Reviews, Video, People also ask"
kodi sport addon,Commercial,38,140,19,0.00,"Sitelinks, Reviews, Video, People also ask"
stb tv box,Commercial,38,140,22,0.88,"Reviews, Video, People also ask, Related searches, Popular products"
streaming dienste angebote,"Informational, Commercial",38,140,39,1.74,"AI Overview, Reviews, Video, People also ask, Related searches"
tv set top box,Commercial,38,140,16,0.88,"Sitelinks, Reviews, Video, People also ask, Knowledge panel, Related searches, Popular products"
watched apk,"Informational, Transactional",38,140,32,0.00,"Reviews, Related searches"
beste streaming anbieter,Commercial,38,110,39,1.96,"AI Overview, Reviews, Video, People also ask, Related searches"
bester streaming anbieter,Commercial,38,110,40,1.96,"Sitelinks, AI Overview, Reviews, Video, People also ask, Related searches, Ads top"
ip tv anbieter vergleich,Commercial,38,110,37,0.00,"Video, People also ask, Related searches"
kodi addons for sport,Commercial,38,110,21,0.00,"Reviews, Video, Video carousel, People also ask"
kodi amazon fire,"Informational, Transactional",38,110,11,0.00,"Reviews, Image pack, Video, Video carousel, People also ask"
kodi build,Commercial,38,110,14,0.01,"Sitelinks, Reviews, Image pack, Video, Video carousel"
netflix download app windows,"Informational, Transactional",38,110,53,0.00,"AI Overview, Reviews, Video, People also ask, Related searches"
kodi movies,Commercial,38,90,56,0.00,"Sitelinks, Reviews, Video, People also ask"
kodi repositories,Commercial,38,90,17,0.00,"Reviews, Video"
netflix google play,"Navigational, Transactional",38,90,42,0.00,"Sitelinks, AI Overview, Reviews, People also ask, Related searches"
netflix ios app,"Informational, Transactional",38,90,63,0.00,"Reviews, People also ask, Related searches"
streaming vergleich,Commercial,38,90,38,1.89,"Reviews, Video, People also ask, Related searches"
youtube tv smart tv,"Informational, Transactional",38,90,43,0.00,"Reviews, Video, Video carousel, People also ask, Related searches"
besten streaming dienste,Commercial,38,70,37,1.89,"AI Overview, Reviews, Video, People also ask, Related searches, Ads middle"
installer kodi,"Informational, Transactional",38,70,24,0.00,"Reviews, Video, Video carousel, People also ask"
m3u playlisten,Commercial,38,70,24,0.75,"Reviews, People also ask, Related searches"
test streaming dienste,Commercial,38,70,37,0.87,"Reviews, Video, People also ask, Related searches"
moviebox,Commercial,37,33100,45,0.66,"AI Overview, Reviews, Video, Related searches"
bester streaming dienst,Commercial,37,1300,44,1.71,"AI Overview, Reviews, Video, People also ask, Related searches, Ads bottom, Ads middle"
kodi program addons,Commercial,37,1300,33,0.27,"Sitelinks, Reviews, Video, People also ask"
installer watched,"Informational, Transactional",37,1000,35,0.00,"Reviews, People also ask, Related searches"
netflix app downloaden,"Informational, Transactional",37,1000,67,0.13,"Reviews, Video, People also ask, Related searches"
kodi repository,Commercial,37,720,44,0.00,"Reviews, Video"
ibplayer,Commercial,37,590,25,0.86,"AI Overview, Reviews, Video, People also ask, Related searches"
welcher streaming dienst ist der beste,Commercial,37,590,36,1.56,"AI Overview, Reviews, Video, People also ask, Related searches, Ads top"
was ist eine set top box,"Informational, Commercial",37,390,15,0.91,"AI Overview, Reviews, Video, People also ask, Related searches"
m3u playlist github,"Navigational, Transactional",37,320,54,0.78,"People also ask, Related searches"
streaming bundles,Commercial,37,320,36,1.68,"AI Overview, Reviews, Video, People also ask, Related searches, Ads top, Ads middle"
streamingseiten,Commercial,37,320,30,2.20,"Reviews, Video, Related searches"
tivimate premium preis,Transactional,37,320,28,0.81,"Sitelinks, Reviews, Video, People also ask"
deutsche addons für kodi,Commercial,37,260,14,0.19,"Sitelinks, Reviews, Video, People also ask, Ads bottom"
die besten streaming dienste,Commercial,37,210,34,1.37,"AI Overview, Reviews, Video, People also ask, Related searches, Ads middle"
fernsehen internet vergleich,Commercial,37,210,37,1.61,"Sitelinks, AI Overview, Reviews, Video, People also ask, Related searches"
was ist set top box,"Informational, Commercial",37,210,14,0.00,"Reviews, Image, Video, People also ask, Related searches, Popular products"
aftvnews downloader,"Informational, Transactional",37,170,59,0.00,"Reviews, Video, People also ask, Related searches"
fernsehen über internet vergleich,Commercial,37,170,36,1.61,"AI Overview, Reviews, Video, People also ask, Related searches, Ads top, Ads bottom"
germany ip tv,Commercial,37,170,16,0.87,"AI Overview, Video, People also ask, Related searches"
netflic account,"Navigational, Transactional",37,170,68,1.01,"People also ask, Related searches"
netflix computer download,"Informational, Transactional",37,170,50,0.14,"Reviews, Video, People also ask, Related searches"
app watched,"Navigational, Transactional",37,140,39,0.25,"Sitelinks, Reviews, People also ask, Knowledge panel, Related searches"
download aftvnews,"Informational, Transactional",37,140,53,0.00,"AI Overview, Reviews, Related searches"
netflix download auf zu vielen geräten,"Informational, Transactional",37,140,33,0.00,"AI Overview, Video, People also ask, Related searches"
ottplayer windows,Commercial,37,140,17,0.00,"Reviews, Video, People also ask, Related searches"
tv premium,"Informational, Commercial",37,140,31,1.39,"Reviews, Video, People also ask, Related searches"
bei netflix anmelden,"Informational, Transactional",37,110,57,1.63,"AI Overview, Video, People also ask, Related searches"
bester streaming service,Commercial,37,110,38,1.67,"AI Overview, Reviews, Video, People also ask, Related searches"
download watched,"Informational, Transactional",37,110,37,0.00,"Reviews, People also ask, Related searches"
kodi addons for adults,Commercial,37,110,30,0.00,"Sitelinks, Reviews, People also ask"
netflix konto einstellungen,"Navigational, Transactional",37,110,50,0.00,"Video, People also ask, Related searches"
watched download,"Informational, Transactional",37,110,34,0.00,"People also ask, Related searches"
best kodi plugins,Commercial,37,90,38,0.00,"Sitelinks, Reviews, Video, Video carousel"
cool kodi addons,Commercial,37,90,18,0.00,"Sitelinks, AI Overview, Reviews, Video, Video carousel"
fernsehanbieter im vergleich,Commercial,37,90,30,1.01,"AI Overview, Reviews, Video, People also ask, Related searches, Ads top, Ads middle"
kodi download android,Transactional,37,90,46,0.00,"Reviews, People also ask"
m3u player online,"Informational, Commercial",37,90,41,0.00,"Reviews, Related searches, Ads bottom"
top rated kodi addons,Commercial,37,90,36,0.00,"Sitelinks, Reviews, Video, Video carousel"
vergleich fernsehanbieter,Commercial,37,90,39,1.14,"Sitelinks, Reviews, Video, People also ask, Related searches, Ads top, Ads bottom"
vergleich streaming,Commercial,37,90,40,1.89,"Reviews, Video, People also ask, Related searches"
google google netflix,"Navigational, Transactional",37,70,72,0.00,"AI Overview, People also ask, Related searches"
ss ip tv,"Informational, Transactional",37,70,28,2.33,"Reviews, Image pack, Video, Video carousel, People also ask, Related searches"
streaming dienste test,Commercial,37,70,41,1.46,"Reviews, Video, People also ask, Related searches"
streamingdienste vergleich,Commercial,37,70,36,1.60,"AI Overview, Reviews, Video, People also ask, Related searches"
smart tube,"Informational, Transactional",36,5400,45,0.76,"Sitelinks, Reviews, Video, Knowledge panel, Related searches"
sky q receiver kaufen,Transactional,36,720,31,0.57,"Reviews, People also ask, Related searches, Popular products, Ads top, Ads bottom"
alternative zu magenta tv,"Informational, Commercial",36,590,17,0.70,"AI Overview, Reviews, Video, People also ask, Related searches"
apps on kodi,Commercial,36,590,42,0.00,"AI Overview, Reviews, Video, People also ask"
repos kodi,Commercial,36,590,38,0.00,"AI Overview, Reviews, Video, People also ask"
kodi application,"Informational, Transactional",36,480,50,0.00,"Reviews, Video, People also ask"
kodi repo,Commercial,36,480,20,0.00,"Sitelinks, Reviews, Video, People also ask"
best android tv box,Commercial,36,390,32,0.33,"Sitelinks, Video, People also ask, Related searches, Popular products"
beste android tv box,Commercial,36,390,24,0.27,"Sitelinks, Reviews, Video, Video carousel, People also ask, Related searches"
welche streaming dienst ist der beste,Commercial,36,390,38,1.56,"Sitelinks, AI Overview, Reviews, Video, Video carousel, People also ask, Related searches"
amazon fire tv stick kodi,"Informational, Transactional",36,320,10,0.00,"AI Overview, Reviews, Video, Video carousel, People also ask"
sky reciver,Transactional,36,260,32,1.97,"Reviews, Image, Image pack, People also ask, Related searches, Popular products"
streamto,Commercial,36,260,24,1.13,"Reviews, Video, People also ask, Related searches"
vergleich fernsehen internet,Commercial,36,260,36,1.49,"Reviews, Video, People also ask, Related searches, Ads top, Ads middle"
magenta tv alternativen,Commercial,36,210,23,1.69,"AI Overview, Reviews, Video, People also ask, Related searches"
sky sat receiver,Commercial,36,210,34,2.45,"Reviews, Video, People also ask, Related searches, Popular products"
amazon tv stick kodi,"Informational, Transactional",36,170,6,0.00,"Sitelinks, Reviews, Video, Video carousel, Short videos, People also ask"
ibo player tv,Commercial,36,170,42,0.99,"Reviews, People also ask, Related searches"
magenta tv vs waipu,"Informational, Commercial",36,170,19,0.00,"Sitelinks, AI Overview, Reviews, Video, People also ask, Related searches"
sky reciever,Transactional,36,170,35,1.97,"Reviews, Image, Image pack, People also ask, Related searches, Popular products"
vergleich internet fernsehen,Commercial,36,170,37,1.61,"Sitelinks, AI Overview, Reviews, Video, People also ask, Related searches"
welcher streaming anbieter ist der beste,Commercial,36,170,40,1.89,"AI Overview, Reviews, Video, Video carousel, People also ask, Related searches"
best kodi addons,Commercial,36,140,37,0.00,"Sitelinks, Reviews, Video, Video carousel, People also ask"
kodi windows download,"Informational, Transactional",36,140,31,0.00,"Reviews, Video, People also ask"
sky q reciever,"Informational, Transactional",36,140,28,1.84,"AI Overview, Reviews, Video, People also ask, Related searches, Ads bottom"
smartbox tv,"Informational, Commercial",36,140,21,0.96,"Reviews, People also ask, Related searches"
alternative magenta tv,Commercial,36,110,33,0.82,"AI Overview, Reviews, Video, Video carousel, People also ask, Related searches, Ads bottom"
service for tv,Commercial,36,110,70,0.85,"Video, People also ask, Local pack, Related searches"
ıptv test,"Informational, Commercial",36,110,10,0.89,"Sitelinks, Video, Related searches"
best android tv stick,Commercial,36,90,43,0.42,"Sitelinks, Video, Video carousel, Related searches, Popular products"
ibo player windows,Commercial,36,90,32,0.00,"Reviews, People also ask, Related searches"
index m3u,Commercial,36,90,20,0.00,"AI Overview, Video, Video carousel, People also ask, Related searches"
m3u downloader,Commercial,36,90,19,0.00,"Sitelinks, Reviews, Video, People also ask, Related searches"
recommended kodi addons,Commercial,36,90,37,0.00,"Sitelinks, Reviews, Video, Video carousel, People also ask"
tv box 4k,"Informational, Transactional",36,90,29,0.74,"Reviews, Video, Video carousel, People also ask, Related searches, Popular products"
welcher streamingdienst ist der beste,Commercial,36,90,30,1.46,"AI Overview, Reviews, Video, Video carousel, People also ask, Related searches"
kodi best addons,Commercial,36,70,25,0.00,"Sitelinks, Reviews, Video"
downloader app,"Informational, Commercial",35,2900,50,0.72,"AI Overview, Reviews, Video, People also ask, Related searches"
waipu tv alternative,"Informational, Commercial",35,1300,28,0.57,"Sitelinks, AI Overview, Reviews, Video, People also ask, Related searches"
netflix com,"Navigational, Transactional",35,880,79,1.47,"Reviews, People also ask, Related searches"
ibo player download,Commercial,35,720,44,0.00,"Reviews, People also ask, Related searches"
ibo player apk,Commercial,35,480,23,0.00,"Reviews, Related searches"
sky q box,"Informational, Transactional",35,480,33,1.36,"Reviews, People also ask, Related searches, Popular products"
top 10 streaming-dienste,"Informational, Commercial",35,480,37,1.20,"AI Overview, Reviews, Video, People also ask, Related searches"
waipu tv alternativen,Commercial,35,480,21,0.61,"Sitelinks, AI Overview, Reviews, Video, People also ask, Related searches"
netflix sign ins,"Navigational, Transactional",35,390,67,0.00,"Sitelinks, AI Overview, Video, Video carousel, People also ask, Related searches"
repo kodi,Commercial,35,390,22,0.00,"Reviews, Image pack, Video, Video carousel, People also ask"
top rated android tv box,"Informational, Commercial",35,390,26,0.33,"Sitelinks, Reviews, Video, Video carousel, People also ask, Related searches, Popular products"
best tv for android box,Commercial,35,320,36,0.33,"Sitelinks, Video, Video carousel, People also ask, Related searches, Popular products"
good android tv box,"Informational, Commercial",35,320,32,0.33,"Featured snippet, Sitelinks, Video, Video carousel, People also ask, Related searches, Popular products"
kodi amazon tv stick,"Informational, Transactional",35,320,7,0.00,"Sitelinks, Reviews, Video, Video carousel, Short videos, People also ask"
media centre kodi,"Informational, Transactional",35,260,22,0.00,"AI Overview, Reviews, Video, Video carousel, People also ask, Knowledge panel"
tivimate premium kaufen,Transactional,35,260,30,0.67,"Video, People also ask, Related searches"
alternative zu waipu tv,"Informational, Commercial",35,210,28,0.66,"Sitelinks, AI Overview, Reviews, Video, People also ask, Related searches"
kodi media center software,"Informational, Transactional",35,210,38,0.00,"Sitelinks, Reviews, Video, Video carousel, People also ask, Knowledge panel"
mein netflix konto,"Navigational, Transactional",35,210,62,0.00,"People also ask, Related searches"
moviebox movies,"Informational, Transactional",35,210,46,0.54,"Video, Related searches"
ottplayer tv,"Navigational, Transactional",35,210,32,1.31,"Reviews, Video, People also ask, Related searches"
kodi filme,Commercial,35,170,8,0.00,"AI Overview, Reviews, Video, People also ask"
tv und internet vergleich,Commercial,35,170,40,2.26,"Sitelinks, Reviews, Video, People also ask, Related searches"
vergleich internet und tv,Commercial,35,170,39,2.26,"Reviews, Video, People also ask, Related searches"
kabel für sky receiver,"Informational, Commercial",35,140,27,1.74,"Sitelinks, Reviews, Video, People also ask, Related searches, Popular products"
netflix login in,"Navigational, Transactional",35,110,70,0.00,"People also ask, Related searches"
free netflix downloader download,Commercial,35,90,8,0.37,"Sitelinks, AI Overview, Reviews, Video, Related searches"
ibo pro player apk,Commercial,35,90,29,0.00,"Reviews, Related searches"
kodi addon sport,Commercial,35,90,12,0.00,"Sitelinks, Reviews, Video"
die 10 besten streaming seiten,Commercial,35,70,25,0.00,"Sitelinks, AI Overview, Reviews, Video, People also ask, Related searches"
tv top tv,Commercial,35,70,22,0.38,"Reviews, Video, People also ask, Related searches"
movie box,"Informational, Commercial",34,18100,47,0.66,"AI Overview, Reviews, Video, Related searches"
sky receiver,"Informational, Transactional",34,8100,39,1.97,"Reviews, Image, Video, People also ask, Related searches, Popular products"
q sky tv,"Navigational, Transactional",34,5400,37,1.44,"AI Overview, Reviews, Video, People also ask, Related searches"
netflix-com,"Informational, Transactional",34,1600,83,1.20,"Reviews, People also ask, Related searches"
mix player,"Informational, Transactional",34,1300,31,0.44,"Video, People also ask, Related searches"
sky box,"Informational, Transactional",34,1300,33,0.84,"Reviews, Image, Video, Video carousel, People also ask, Related searches"
iboplayer com,"Navigational, Transactional",34,590,43,1.69,"Sitelinks, Video, Related searches"
top box,"Informational, Commercial",34,320,13,0.00,"Reviews, Video, People also ask, Related searches, Popular products"
ibo player kaufen,Transactional,34,260,12,1.05,"Reviews, People also ask, Related searches"
ibo player pro kaufen,Transactional,34,260,30,0.00,"Reviews, People also ask, Related searches"
smarttube github,"Navigational, Transactional",34,260,59,0.00,"Sitelinks, People also ask, Related searches"
amazon prime tv box,"Navigational, Transactional",34,210,32,0.69,"People also ask, Related searches, Popular products"
illegale filme gucken,Commercial,34,210,30,0.00,"Sitelinks, Reviews, Video, People also ask, Related searches"
mx player amazon,"Informational, Commercial",34,210,34,0.42,"Reviews, Video, People also ask, Related searches"
netflix sign in online,"Navigational, Transactional",34,210,79,0.00,"Sitelinks, People also ask, Related searches"
tivimate login,"Informational, Transactional",34,210,30,0.00,"Reviews, Video, People also ask, Related searches"
waipu tv bewertungen,Commercial,34,210,16,0.00,"AI Overview, Reviews, Video, Video carousel, People also ask, Related searches"
kabel receiver für sky,Commercial,34,170,32,1.74,"Sitelinks, Reviews, Video, People also ask, Related searches, Popular products"
kabel receiver mit sky,Commercial,34,170,27,2.10,"Reviews, Video, Video carousel, People also ask, Related searches, Popular products, Ads bottom"
receiver für sky kabel,"Informational, Transactional",34,170,30,2.10,"Reviews, Video carousel, People also ask, Related searches, Popular products"
wlan für sky receiver,"Informational, Transactional",34,170,27,1.30,"Reviews, Video carousel, People also ask, Related searches"
dazn illegal streamen,Commercial,34,140,37,1.07,"Reviews, Video, People also ask, Related searches"
downloader app download,"Informational, Transactional",34,140,44,0.00,"Reviews, Video, People also ask, Related searches"
sky receiver für kabel,"Informational, Transactional",34,140,30,1.74,"Reviews, Video carousel, People also ask, Related searches, Popular products, Ads bottom"
smarters pro player,Commercial,34,140,35,0.00,"Reviews, Image pack, Video, Video carousel, People also ask, Related searches"
netflix registration,"Navigational, Transactional",34,110,58,2.08,"Video, People also ask, Related searches"
best multimedia player,Commercial,34,90,22,0.00,"Sitelinks, Reviews, Video, Video carousel, People also ask, Related searches, Popular products"
good android tv,"Informational, Commercial",34,90,41,0.26,"Sitelinks, Reviews, Video, Video carousel, People also ask, Related searches, Popular products"
kodi best add on,Commercial,34,90,31,0.00,"Sitelinks, Reviews, Video"
netflix on the app store,"Informational, Transactional",34,90,68,0.00,"Reviews, People also ask, Related searches"
smarters lite,"Informational, Transactional",34,90,34,0.00,"Reviews, People also ask, Knowledge panel, Related searches"
box tv amazon,"Informational, Transactional",34,70,33,0.53,"People also ask, Related searches, Popular products"
moviwbox,Commercial,34,70,39,0.66,"Reviews, Video, Related searches"
recommended android tv box,"Informational, Commercial",33,390,27,0.33,"Sitelinks, Reviews, Video, Video carousel, People also ask, Related searches, Popular products"
best tv box for android,Commercial,33,320,36,0.18,"Sitelinks, Video, Video carousel, People also ask, Related searches, Popular products"
cody amazon fire stick,"Informational, Transactional",33,260,11,0.00,"Reviews, Video, Video carousel, Related searches"
play video play,"Informational, Transactional",33,260,26,0.79,"Reviews, Video, Video carousel, Related searches"
tv anbieter check24,Transactional,33,260,43,0.47,"AI Overview, Reviews, Video, People also ask, Related searches, Ads top, Ads bottom"
ottplayer login,"Navigational, Transactional",33,210,22,0.00,"Reviews, Video, Related searches"
sky receiver für satellit,"Informational, Transactional",33,140,33,1.59,"Reviews, Video, People also ask, Related searches, Popular products, Ads middle"
video play,"Informational, Transactional",33,140,40,0.20,"AI Overview, Reviews, Video, People also ask, Knowledge panel, Related searches"
multimedia box,"Informational, Transactional",33,110,18,1.30,"Reviews, Image pack, Video, People also ask, Related searches, Popular products"
ottplayer code,"Informational, Transactional",33,110,11,0.00,"Reviews, Video, Video carousel, Related searches"
download on netflix,"Informational, Transactional",33,70,48,0.18,"AI Overview, Reviews, Video, Video carousel, People also ask, Related searches"
popcornmovies,Commercial,32,880,49,0.89,"Reviews, Video, Related searches"
maxplayer,"Informational, Transactional",32,720,44,0.48,"Sitelinks, Reviews, People also ask, Related searches"
playback video player,"Informational, Transactional",32,260,30,0.85,"Reviews, Video, Video carousel, People also ask, Related searches"
ibo player pro download,"Informational, Commercial",32,210,58,0.00,"AI Overview, Reviews, People also ask, Related searches"
moovie box,Commercial,32,210,32,0.66,"Reviews, Video, People also ask, Related searches"
online video reader,Commercial,32,210,34,0.00,"Reviews, Related searches"
sky mini box,"Informational, Transactional",32,210,28,1.22,"Reviews, Video, People also ask, Related searches, Popular products"
movirbox,Commercial,32,170,34,0.66,"Reviews, Video, Related searches"
smarters players lite,"Informational, Commercial",32,170,40,0.32,"Reviews, Video, People also ask, Knowledge panel, Related searches"
sky receiver satellit,Transactional,32,110,33,1.59,"Reviews, Video, People also ask, Related searches, Popular products, Ads top, Ads bottom"
mobie box,"Informational, Commercial",32,90,35,0.70,"Reviews, Video, People also ask, Related searches"
receiver sky,Transactional,32,90,32,1.73,"Reviews, Image, Video, People also ask, Related searches, Ads bottom"
ibo player paypal,Commercial,32,70,0,0.00,"AI Overview, Video, Related searches"
sky q mini receiver,"Informational, Transactional",32,70,29,1.13,"Reviews, Video, People also ask, Related searches, Popular products"
downloader,"Informational, Commercial",31,14800,58,0.55,"AI Overview, Reviews, Video, People also ask, Related searches"
ib player pro,Commercial,31,590,32,0.79,"Reviews, Video, People also ask, Related searches"
smartersplayer lite,"Informational, Transactional",31,260,36,0.32,"Reviews, Video, People also ask, Knowledge panel, Related searches"
illegale website,"Informational, Commercial",31,210,27,0.00,"Video, People also ask, Related searches"
box movies,Commercial,31,90,35,0.70,"Reviews, Video, Related searches"
ibo player login,"Informational, Transactional",30,320,39,0.00,"AI Overview, Related searches"
amazon downloader,"Informational, Commercial",30,260,34,0.17,"AI Overview, Reviews, People also ask, Related searches"
sky q mini kaufen,Transactional,30,210,30,0.69,"Reviews, Video, People also ask, Related searches, Popular products"
box movie,Commercial,30,110,34,0.98,"Reviews, Video, People also ask, Related searches"
waipu vs magenta,Commercial,30,110,18,0.00,"Sitelinks, AI Overview, Reviews, Video, People also ask, Related searches"
illegale film,Commercial,30,70,14,0.00,"Reviews, Video, Video carousel, People also ask, Related searches"
updating amazon fire stick,"Informational, Transactional",29,1000,42,0.21,"Featured snippet, Sitelinks, Reviews, Video, Video carousel, Short videos, People also ask, Related searches"
ib player,Commercial,29,260,29,0.00,"Reviews, Video, People also ask, Related searches"
ibo pro app,Commercial,29,260,41,0.00,"AI Overview, Reviews, People also ask, Related searches"
iboproapp.com,Transactional,29,210,48,0.00,"Reviews, Video, People also ask"
https //iboproapp.com,Commercial,29,110,32,0.00,"Reviews, Video, People also ask"
ottrun,"Informational, Transactional",28,390,22,1.14,"AI Overview, Reviews, Image, People also ask, Related searches"
alternative zu zattoo,Commercial,28,170,17,0.80,"AI Overview, Reviews, Video, Video carousel, People also ask, Related searches"
ib pro,"Informational, Transactional",28,90,31,0.00,"Sitelinks, AI Overview, Reviews, Image pack, People also ask, Related searches"
waipu alternativen,Commercial,28,90,25,0.78,"AI Overview, Reviews, Video, People also ask, Related searches"
waipu alternative,Commercial,27,390,23,0.78,"Sitelinks, AI Overview, Reviews, Video, People also ask, Related searches"
zattoo test,Commercial,26,90,22,1.83,"Sitelinks, AI Overview, Reviews, Video, People also ask, Related searches"
alternative zu waipu,"Informational, Commercial",25,170,28,0.59,"Sitelinks, AI Overview, Reviews, Video, People also ask, Related searches"
zattoo vs waipu,Commercial,24,260,23,1.99,"Sitelinks, AI Overview, Reviews, Video, People also ask, Related searches"
waipu vs zattoo,Commercial,24,140,16,2.05,"Sitelinks, AI Overview, Reviews, Video, Video carousel, People also ask, Related searches"
downlader,"Informational, Commercial",24,110,44,0.55,"AI Overview, Reviews, Video, Related searches"
