Keyword,Intent,Relevance,Volume,Trend,Keyword Difficulty,CPC (USD),SERP Features,Positions
dazn fussball live,"Navigational, Transactional",60,170,"0.04,0.04,0.04,0.04,0.22,0.29,0.29,0.43,0.35,0.66,0.81,1.00",72,0.75,"Reviews, Video, Top stories, Related searches",
online fernsehen,Informational,53,2900,"0.53,0.44,0.35,0.53,0.53,0.81,1.00,0.81,0.66,0.44,0.44,0.53",73,2.01,"AI Overview, Reviews, Video, People also ask, Related searches",
television online hd,Informational,53,260,"0.43,0.43,0.43,0.43,0.67,1.00,0.67,0.80,0.53,0.67,0.43,0.00",70,1.31,"AI Overview, Reviews, Video, Video carousel, People also ask, Related searches",
fernsehen im internet,Informational,52,2400,"0.13,0.19,0.65,0.54,0.54,1.00,0.43,0.35,0.43,0.54,0.65,0.65",70,1.27,"AI Overview, Reviews, Video, People also ask, Related searches, Ads top, Ads bottom",
best streaming services,Commercial,52,1600,"0.00,0.00,0.00,0.00,0.00,0.00,0.01,0.00,0.66,0.81,1.00,0.04",74,2.34,"Sitelinks, AI Overview, Reviews, Video, Video carousel, People also ask, Related searches",
online fernseh schauen,Informational,52,260,"0.66,0.54,0.35,0.23,0.28,0.28,0.28,0.28,0.35,0.15,0.44,1.00",70,1.69,AI Overview,
fernsehen im internet schauen,Informational,52,210,"1.00,0.64,0.80,0.64,0.64,1.00,1.00,0.64,1.00,1.00,1.00,1.00",70,1.21,"AI Overview, Reviews, Video, People also ask, Related searches",
live rtl television,"Informational, Navigational",51,1000,"0.00,0.00,0.00,0.00,0.00,0.00,0.00,0.65,0.81,0.00,0.00,1.00",73,0.72,"AI Overview, Reviews, Video, People also ask, Related searches",
rtl programm jetzt live,"Navigational, Transactional",51,390,"0.02,0.04,0.04,0.04,0.13,0.44,0.56,1.00,0.67,0.76,1.00,0.67",75,0.54,"Sitelinks, Video, People also ask, Related searches, Ads bottom",
free-tv rtl,"Navigational, Transactional",51,110,"0.23,0.00,0.00,0.15,0.15,0.08,0.02,0.02,0.29,1.00,0.23,0.54",74,0.65,"Reviews, Video, People also ask, Related searches, Ads bottom",
online rtl,Transactional,51,70,"0.64,0.64,0.36,1.00,1.00,0.64,0.18,0.18,0.45,0.64,0.82,0.64",71,1.54,"Video, People also ask, Top stories, Related searches",
television streaming,Informational,50,5400,"0.66,0.44,0.54,0.81,1.00,0.81,0.66,0.81,0.00,0.66,0.00,1.00",81,2.15,"AI Overview, Reviews, Video, People also ask, Knowledge panel, Related searches",
fernsehn online,Informational,50,880,"0.36,0.30,0.20,1.00,0.24,1.00,0.08,0.15,0.67,0.20,0.15,0.24",71,1.57,"Reviews, Video, People also ask, Related searches, Ads middle",
bedava mac izle tv,Informational,50,390,"0.02,0.02,0.59,0.05,0.01,0.01,0.05,0.72,0.72,1.00,1.00,0.07",77,0.00,"Reviews, Video, People also ask, Related searches",
fernseher gucken,Informational,50,260,"0.08,0.52,0.28,1.00,1.00,0.80,0.80,0.52,0.80,0.52,0.64,0.04",70,1.58,"AI Overview, Reviews, Video, Video carousel, People also ask, Related searches, Ads bottom",
online television,Informational,50,70,"0.83,0.08,0.13,0.13,0.13,0.13,0.08,0.13,1.00,0.04,0.00,0.13",73,1.85,"Reviews, Video, People also ask, Related searches",
netflix aplicación,Commercial,49,3600,"0.29,0.19,0.29,0.23,1.00,0.36,0.10,0.23,0.36,0.29,0.23,0.23",72,0.62,"Reviews, Video, People also ask, Related searches",
fernsehn schauen online,Commercial,49,260,"0.54,0.36,0.36,0.36,0.29,0.36,0.36,0.36,0.36,0.23,0.44,1.00",80,1.88,"Sitelinks, Video, Related searches, Ads top, Ads middle",
online fernsehen schauen,Informational,49,260,"0.36,0.29,0.29,0.23,0.29,0.23,0.23,0.23,0.29,0.15,0.36,1.00",70,1.69,"AI Overview, Reviews, Video, People also ask, Related searches",
netflix schauen,"Navigational, Transactional",49,140,"0.82,0.66,0.66,0.66,0.82,0.82,1.00,1.00,0.82,0.66,0.66,0.66",70,1.24,"Sitelinks, Reviews, Video, People also ask, Related searches",
vod vodafone,Informational,49,140,"0.82,1.00,0.82,0.35,0.17,0.17,0.07,0.12,0.17,0.12,0.10,0.23",72,4.36,"AI Overview, Reviews, Video, People also ask, Related searches, Ads top, Ads bottom",
türk kanal,"Informational, Transactional",49,110,"0.21,0.15,0.00,0.21,0.21,0.34,0.21,1.00,0.43,0.81,0.65,0.65",76,1.43,"Image, Image pack, Video, Video carousel, Related searches",
türkiye kanallar,Informational,49,110,"0.24,0.09,0.09,0.53,0.53,0.66,1.00,1.00,0.81,0.81,0.43,0.33",77,0.00,"Reviews, Video, People also ask, Related searches",
vodafone itnernet,Transactional,49,70,"0.00,0.00,0.00,0.00,0.00,0.00,0.00,0.00,1.00,0.00,0.00,0.00",70,2.87,"Reviews, Video, People also ask, Related searches",
vodaonfe,"Navigational, Commercial",49,70,"0.00,0.00,0.44,1.00,0.00,0.00,0.00,0.00,1.00,0.00,0.00,0.00",79,3.60,"Sitelinks, Image pack, People also ask, Local pack, Top stories, Related searches, Ads top, Ads bottom",
tv schauen,Commercial,48,1300,"0.62,0.62,0.62,0.55,0.62,0.62,0.62,0.81,1.00,0.62,0.62,0.81",72,1.11,"Reviews, Video, People also ask, Related searches",
fernsehschauen online,Commercial,48,70,"1.00,0.63,0.63,0.47,0.47,0.63,0.63,0.47,0.47,0.47,0.32,0.47",74,1.57,"AI Overview, Reviews, Video, People also ask, Related searches, Ads top",
tv online live,Informational,47,1000,"0.16,0.20,0.24,0.36,0.36,0.66,0.54,0.66,0.20,0.30,0.54,1.00",82,1.02,"Video, People also ask, Related searches",
fernseh online,Commercial,47,720,"0.36,0.30,0.30,0.45,0.45,1.00,0.62,0.62,0.45,0.30,0.30,0.30",73,1.86,"Reviews, Video, Related searches",
internt,Commercial,47,480,"0.06,0.06,0.15,0.02,0.04,0.06,1.00,0.04,0.09,0.15,0.19,0.13",70,4.57,"Reviews, Video, People also ask, Related searches",
netflix starten,"Informational, Navigational",47,110,"0.41,0.41,0.41,0.64,0.82,0.52,1.00,0.82,0.64,0.41,1.00,0.52",74,0.00,"Sitelinks, AI Overview, Video, People also ask, Related searches",
streamen netflix,Informational,47,90,"0.19,0.53,0.00,0.65,0.00,0.03,1.00,0.00,0.65,0.65,0.00,0.53",72,0.84,"AI Overview, Reviews, Video, People also ask, Related searches",
fernseher live,Commercial,46,390,"0.16,0.20,0.20,0.20,0.20,0.16,0.24,1.00,0.20,0.16,0.20,0.20",73,0.79,"Reviews, Video, People also ask, Top stories, Related searches",
stream fernsehen,Informational,46,390,"0.81,0.44,0.54,0.54,0.81,0.67,0.81,0.67,0.54,0.44,0.36,1.00",71,2.10,"Reviews, Video, People also ask, Top stories, Related searches",
live tv schauen,Commercial,46,210,"0.65,0.44,0.44,0.65,0.65,0.44,0.53,0.65,0.82,0.65,0.65,1.00",70,1.07,"Reviews, Video, People also ask, Related searches",
netflix helper,Informational,46,210,"0.83,0.25,0.83,1.00,0.67,0.54,0.67,0.54,0.54,0.54,0.33,0.42",77,0.00,"AI Overview, Reviews, Video, People also ask, Related searches",
internet.,"Informational, Commercial",46,170,"0.04,0.00,0.08,0.00,0.02,0.00,1.00,0.88,0.04,0.02,0.04,0.06",71,4.57,"Reviews, Video, People also ask, Top stories, Related searches",
live fernsehen stream,Commercial,46,140,"0.50,0.69,0.31,0.44,0.31,0.31,0.19,0.44,0.25,0.31,0.50,1.00",70,1.26,"Reviews, Video, People also ask, Related searches, Ads top, Ads bottom",
netflix comn,"Navigational, Transactional",46,110,"0.00,0.19,1.00,1.00,0.65,0.41,0.54,0.65,0.41,0.33,0.26,0.19",81,1.38,"People also ask, Related searches",
what is iptv github,"Navigational, Transactional",46,90,"0.71,1.00,1.00,0.43,0.29,0.43,0.43,0.29,0.29,0.14,0.14,0.14",70,0.00,"AI Overview, People also ask, Related searches",
filme und serien streamen,Informational,46,70,"0.50,0.14,0.14,0.14,0.14,0.14,1.00,0.79,1.00,0.64,0.29,0.50",73,1.33,"AI Overview, Reviews, Video, People also ask, Related searches",
netflix app netflix,Informational,45,2900,"0.00,0.00,0.00,0.00,0.00,0.00,1.00,1.00,0.66,0.66,0.81,0.81",72,0.62,"AI Overview, Reviews, Video, People also ask, Related searches",
netflix netflix app,Informational,45,390,"0.00,0.00,0.00,0.00,0.00,0.00,0.00,0.00,0.00,0.00,0.00,0.00",78,0.00,"AI Overview, Reviews, Video, People also ask, Related searches",
instal netflix,Informational,45,140,"0.04,0.04,0.00,0.10,0.29,0.14,0.00,0.66,0.43,0.00,1.00,0.81",72,0.19,"AI Overview, Reviews, Video, People also ask, Related searches",
netflix download app,Informational,45,140,"0.08,0.00,0.00,0.00,0.20,0.00,0.16,0.00,0.04,1.00,1.00,0.80",71,0.13,"AI Overview, Reviews, People also ask, Related searches",
netflix installer,Commercial,45,140,"0.06,0.00,0.00,0.06,0.05,0.02,1.00,0.29,0.00,0.54,0.00,0.00",70,0.14,"Video, Related searches",
streaming online,Informational,45,140,"0.00,0.21,0.53,0.33,0.21,0.53,0.65,0.53,0.53,0.33,1.00,0.33",77,1.10,"AI Overview, Video, People also ask, Related searches",
netflix dowlod,Transactional,45,110,"0.00,0.00,0.00,0.00,0.00,1.00,0.00,0.00,0.00,0.00,0.00,0.00",74,0.26,"Reviews, Video, People also ask, Related searches",
netflixapp,"Informational, Transactional",45,110,"0.00,0.00,0.35,0.00,0.00,0.00,0.67,0.00,0.00,0.67,1.00,0.00",70,0.62,"People also ask, Related searches",
netflix to download,Informational,45,70,"0.00,0.00,0.00,0.00,1.00,0.00,0.00,0.00,0.00,0.00,0.00,0.00",71,0.17,"AI Overview, Video, Video carousel, People also ask, Related searches",
nettflix download,Informational,45,70,"0.00,0.00,0.00,0.00,0.00,0.00,0.00,0.00,1.00,0.00,0.00,0.00",71,0.26,"AI Overview, Reviews, Video, People also ask, Related searches",
netflix einloggen,"Navigational, Transactional",44,2900,"0.80,1.00,0.66,0.52,0.80,1.00,1.00,0.80,0.66,0.66,0.66,0.80",72,0.00,"People also ask, Related searches",
fernsehen live,Commercial,44,2400,"1.00,0.83,1.00,0.83,1.00,0.83,1.00,1.00,0.66,0.66,0.66,0.83",78,0.54,"Reviews, Video, Related searches",
netflix netflix download,"Informational, Transactional",44,1000,"0.00,0.00,0.00,1.00,0.36,0.00,0.00,0.00,0.00,0.00,0.00,0.00",72,0.26,"AI Overview, Reviews, People also ask, Related searches",
programme streaming,Informational,44,320,"1.00,0.81,0.81,0.54,0.67,0.43,0.54,0.67,0.43,0.35,0.54,0.54",76,1.42,"AI Overview, Reviews, Video, People also ask, Related searches",
tv online tv online tv online,Informational,43,9900,"0.36,0.16,0.66,0.19,0.16,1.00,1.00,0.81,0.19,0.24,0.44,0.44",70,1.52,"AI Overview, Video, Related searches",
livestream fernsehen,Commercial,43,720,"0.24,0.46,0.37,0.46,0.46,0.46,0.68,0.54,0.76,1.00,0.54,0.68",80,0.69,"Reviews, Video, Video carousel, Related searches",
free internet tv online,Commercial,43,260,"1.00,0.17,0.44,0.56,0.83,0.67,0.83,1.00,0.44,0.36,0.28,0.44",72,1.22,"Reviews, Video, People also ask, Related searches",
netflix install,Informational,43,170,"0.33,0.41,0.54,1.00,1.00,0.80,0.80,0.65,1.00,0.65,0.80,0.11",72,0.00,"Reviews, Video, People also ask, Related searches, Ads bottom",
netflix paketleri,"Navigational, Transactional",43,110,"0.33,0.52,0.43,0.43,0.43,1.00,1.00,0.67,0.00,0.43,0.52,0.43",81,1.24,"Reviews, Video, People also ask, Related searches",
fernsehen live tv,Commercial,43,90,"0.64,0.79,1.00,0.64,0.79,0.79,0.35,0.64,0.79,0.50,0.50,0.64",75,0.72,"Reviews, Video, People also ask, Related searches, Ads bottom",
internet bestellen,Informational,42,4400,"0.08,0.13,0.13,0.13,0.13,0.16,0.66,0.66,0.66,1.00,1.00,1.00",73,19.80,"AI Overview, Reviews, Video, People also ask, Related searches",
netflix.de,"Informational, Navigational",42,4400,"0.54,0.35,0.81,0.54,0.43,0.54,1.00,0.81,0.54,0.54,0.67,0.54",78,1.87,"Sitelinks, Reviews, Video, People also ask",
televiziuni online,Informational,42,4400,"0.00,0.81,0.36,0.00,0.00,0.00,0.54,0.00,1.00,0.81,0.00,0.00",71,1.52,"AI Overview, Reviews, Video, Related searches",
netflix herunterladen,Informational,42,1300,"0.67,1.00,1.00,0.67,0.67,0.67,0.84,0.67,0.67,0.67,0.51,0.51",74,0.21,"Reviews, Video, People also ask, Related searches",
download netflix,Informational,42,720,"0.67,1.00,1.00,0.80,0.80,0.80,1.00,0.67,0.67,0.67,0.53,0.80",73,0.19,"AI Overview, Reviews, Video, People also ask, Related searches",
live .tv,Informational,42,720,"0.00,0.00,0.00,0.00,0.00,1.00,0.08,0.00,0.05,0.05,0.07,0.07",77,1.31,"Reviews, Video, People also ask",
netflix plan,"Navigational, Transactional",42,390,"0.54,1.00,0.19,0.36,0.82,0.29,0.67,1.00,0.29,0.36,0.54,0.29",73,1.74,"Reviews, Image pack, Video, People also ask, Related searches",
dsl website,Commercial,42,320,"1.00,1.00,1.00,0.81,0.81,0.81,0.81,0.81,0.81,0.67,0.67,0.81",74,29.79,"AI Overview, Reviews, Video, People also ask, Related searches, Ads top, Ads middle",
netflic download,Informational,42,260,"0.00,0.00,1.00,0.00,0.00,0.00,1.00,0.00,0.00,0.00,0.00,0.00",75,0.20,"AI Overview, Reviews, Video, People also ask, Related searches, Ads bottom",
app netflix,"Informational, Transactional",42,170,"0.38,0.63,0.38,0.50,0.81,0.50,1.00,0.63,0.50,0.50,0.50,0.63",72,0.00,"Video, People also ask, Related searches",
tv programm live stream,Commercial,42,170,"1.00,0.66,0.66,0.66,1.00,1.00,0.82,1.00,0.82,0.43,0.82,0.82",72,0.71,"Reviews, Video, People also ask, Related searches, Ads bottom",
de streaming,Informational,42,70,"1.00,1.00,0.71,1.00,1.00,1.00,0.71,1.00,1.00,1.00,1.00,0.43",77,2.01,"AI Overview, Reviews, Video, People also ask, Related searches, Ads bottom",
netflix download,Informational,41,9900,"0.44,0.67,0.82,0.82,0.67,0.82,1.00,0.82,0.67,0.55,0.67,0.67",76,0.26,"AI Overview, Reviews, People also ask, Related searches",
tv live,Commercial,41,6600,"0.31,0.31,0.31,0.38,0.54,1.00,0.38,0.38,0.54,0.54,0.38,0.77",76,0.57,"Reviews, Video, Related searches",
de netflix,"Informational, Transactional",41,4400,"0.00,0.54,0.66,0.66,0.81,1.00,0.81,1.00,0.66,0.66,0.81,0.81",78,1.87,"AI Overview, Reviews, Video, People also ask, Related searches",
tv live tv live,Informational,41,2400,"0.03,0.03,1.00,0.03,0.03,0.03,0.06,0.06,0.03,0.03,0.08,0.19",76,1.26,"Reviews, Video, Video carousel, People also ask, Knowledge panel, Top stories, Related searches",
rtl plus live,"Navigational, Transactional",41,1900,"0.55,0.23,0.30,0.55,1.00,0.43,0.30,0.66,0.66,0.55,0.36,0.55",72,0.33,"Reviews, Video, People also ask, Related searches",
netflix logowanie,"Navigational, Transactional",41,1300,"0.31,0.68,0.52,0.52,0.68,1.00,0.84,0.84,0.84,0.68,0.68,0.68",71,0.00,Related searches,
fernsehen live kostenlos,Informational,41,1000,"0.62,0.55,0.44,0.62,0.55,0.44,0.62,0.62,0.62,0.81,0.62,1.00",73,0.49,"Reviews, Video, People also ask, Knowledge panel, Related searches, Ads bottom",
netflix runterladen,"Informational, Transactional",41,590,"0.82,1.00,0.30,0.15,0.15,0.24,0.36,0.20,0.24,0.24,0.12,0.15",73,0.21,"Reviews, Video, People also ask, Related searches",
fernseh live stream,Commercial,41,480,"0.54,0.54,0.80,0.43,0.35,0.43,0.80,0.35,1.00,0.43,0.54,0.11",73,0.73,"Reviews, Video, Related searches",
rtl ive,"Navigational, Transactional",41,320,"0.44,0.13,0.36,1.00,0.36,0.80,0.53,0.29,0.29,0.36,0.53,0.44",70,0.47,"Reviews, Video, People also ask, Top stories, Related searches",
rtl anschauen,Transactional,41,260,"0.43,0.22,0.29,0.81,0.54,0.43,0.29,0.81,1.00,1.00,0.81,0.81",73,0.86,"Reviews, Video, People also ask, Related searches",
stream web,Commercial,41,260,"0.35,0.22,0.22,0.67,0.43,0.67,1.00,0.67,0.54,0.67,0.67,1.00",83,1.41,"Reviews, Video, People also ask, Related searches, Ads top, Ads middle",
netflix start,Informational,41,110,"0.80,0.66,0.66,0.66,1.00,0.80,1.00,0.80,0.66,0.66,0.66,0.49",84,0.00,"AI Overview, Image, Image pack, Video, Video carousel, People also ask, Related searches",
netflix app download,"Informational, Transactional",40,1300,"0.52,0.68,1.00,0.68,0.31,0.52,1.00,0.68,0.68,0.68,0.52,0.68",75,0.11,"Reviews, Video, People also ask, Related searches",
live rtl,"Navigational, Transactional",40,1000,"1.00,0.46,0.31,1.00,0.52,0.52,0.52,0.52,0.52,0.69,0.85,1.00",70,0.47,"Reviews, Video, Video carousel, People also ask, Top stories, Related searches",
netflix inloggen,"Navigational, Transactional",40,720,"0.72,1.00,0.88,0.72,0.88,0.59,0.88,0.59,0.59,0.59,0.72,0.72",73,0.00,"People also ask, Related searches",
tv programm live,"Informational, Transactional",40,720,"0.39,0.88,0.72,0.88,1.00,0.59,1.00,0.72,0.88,0.88,0.88,0.88",79,0.75,"Reviews, Video, Related searches",
netflix com netflix login,"Navigational, Transactional",40,480,"0.44,1.00,0.36,0.36,0.29,0.44,0.53,1.00,0.80,0.80,0.67,0.53",73,0.00,"People also ask, Related searches",
netflix downloaden,Informational,40,390,"0.23,0.43,0.37,0.27,0.37,0.37,0.53,1.00,0.80,0.37,0.23,0.27",73,0.26,"Reviews, Video, People also ask, Related searches",
online streaming germany,Informational,40,390,"0.48,0.21,0.11,1.00,0.59,0.72,0.17,0.21,0.21,0.59,0.17,0.04",76,1.92,"Sitelinks, AI Overview, Video, People also ask, Related searches",
netflix sign in online,"Navigational, Transactional",40,210,"1.00,0.80,0.65,0.80,0.80,1.00,1.00,1.00,0.80,1.00,0.65,0.65",79,0.00,"Sitelinks, People also ask, Related searches",
online tv programm kostenlos,Informational,40,210,"0.65,0.53,0.81,0.43,0.81,0.65,0.65,0.81,1.00,0.53,0.65,0.81",70,1.05,"AI Overview, Reviews, Video, People also ask, Related searches, Ads middle",
tv sendungen live stream,Informational,40,210,"1.00,0.53,0.42,0.65,0.80,1.00,1.00,1.00,0.80,0.53,0.80,0.80",80,0.75,"Reviews, Video, Related searches",
netflix giriş,"Navigational, Transactional",40,170,"0.52,0.43,0.52,0.82,1.00,0.82,1.00,1.00,0.82,0.52,0.82,1.00",75,0.00,"People also ask, Related searches",
netflix membership,"Navigational, Transactional",40,110,"1.00,0.79,0.79,1.00,0.79,1.00,0.14,1.00,0.65,0.49,0.65,0.00",73,1.28,"Reviews, Video, People also ask, Related searches",
online tv show streaming,Informational,40,110,"0.00,0.00,0.43,0.52,0.65,0.52,0.00,1.00,0.65,1.00,0.00,0.00",81,1.33,"AI Overview, Reviews, Video, People also ask, Related searches, Ads bottom",
program tv live,Informational,40,110,"0.52,0.39,0.65,0.52,0.65,0.65,0.65,0.65,0.65,1.00,0.83,0.83",70,1.37,"AI Overview, Reviews, Video, Related searches",
install netflix,Informational,40,90,"0.35,1.00,0.03,0.06,0.08,0.06,0.08,0.08,0.05,0.03,0.05,0.00",71,0.00,"Reviews, Video, People also ask, Related searches, Ads bottom",
deutsche television online,Informational,40,70,"0.39,0.21,0.39,0.82,0.29,0.21,0.54,1.00,0.29,0.18,0.82,0.39",70,0.64,"Reviews, Video, Video carousel, People also ask, Related searches",
magenat tv,Informational,40,70,"0.33,0.40,1.00,1.00,0.07,0.60,0.27,1.00,0.80,0.80,0.60,1.00",72,2.96,"Sitelinks, Reviews, Video, People also ask, Knowledge panel, Top stories, Related searches",
vodafone internet,Transactional,39,27100,"1.00,0.82,0.82,0.82,1.00,1.00,1.00,1.00,0.82,0.67,0.82,1.00",75,2.87,"Reviews, People also ask, Related searches, Ads top",
netflix subscription,"Navigational, Transactional",39,2400,"0.19,0.15,0.19,0.19,0.15,0.28,0.28,0.15,1.00,0.19,1.00,0.36",76,1.38,"Reviews, Video, People also ask, Related searches",
fernsehen live rtl,Informational,39,480,"1.00,0.29,0.33,0.42,0.29,0.42,0.42,0.83,0.42,0.33,0.54,0.67",73,0.66,"AI Overview, Reviews, Video, People also ask, Related searches, Ads bottom",
netflix installieren,Informational,39,390,"0.56,1.00,0.67,0.56,0.67,0.67,0.56,0.83,0.56,0.36,0.83,0.67",73,0.19,"AI Overview, Reviews, Video, People also ask, Related searches",
rtl + mediathek,"Informational, Transactional",39,320,"0.54,0.85,0.85,1.00,0.85,0.85,1.00,0.85,0.62,0.62,0.62,0.62",73,0.19,"Reviews, Video, People also ask, Related searches",
netflix .de,"Navigational, Transactional",39,170,"1.00,0.00,0.00,0.00,0.00,0.00,0.00,1.00,0.00,0.00,0.00,0.00",83,1.87,"Sitelinks, Reviews, Video, People also ask",
netflix desktop,"Navigational, Transactional",39,170,"0.05,0.06,0.03,1.00,0.00,0.08,0.08,0.10,0.05,0.06,0.05,0.05",72,0.00,"Reviews, Video, People also ask, Related searches",
www netflix m,"Navigational, Transactional",39,170,"1.00,0.81,0.66,0.81,1.00,0.81,1.00,1.00,0.81,1.00,0.81,0.81",77,0.00,"People also ask, Related searches",
netflix login in,"Navigational, Transactional",39,110,"1.00,0.52,0.00,0.00,0.80,0.00,0.00,0.80,0.00,0.00,0.00,0.00",70,0.00,"People also ask, Related searches",
öffne netflix,"Navigational, Transactional",39,110,"1.00,0.63,0.51,0.63,0.83,0.63,0.83,0.83,0.63,0.83,0.63,0.51",77,0.00,"Sitelinks, Reviews, People also ask, Related searches",
netflex plan,"Navigational, Transactional",39,90,"0.00,0.00,0.00,0.00,0.00,0.00,0.00,0.00,0.00,0.00,0.00,0.00",79,1.22,"Image pack, Video, People also ask, Related searches",
netflix a,"Navigational, Transactional",39,90,"0.41,0.41,0.52,0.05,0.05,0.82,1.00,0.64,0.52,0.41,0.41,0.52",76,0.00,"Sitelinks, Reviews, People also ask, Knowledge panel, Related searches",
rtl jetzt live,"Navigational, Transactional",38,1600,"0.07,0.05,0.07,0.13,0.13,0.24,0.15,0.19,0.15,1.00,0.36,0.43",74,0.62,"Reviews, Video, People also ask, Related searches",
rtl live programm,Transactional,38,1300,"0.83,0.43,0.70,1.00,0.70,0.70,0.52,0.83,0.52,0.35,0.35,0.52",70,0.53,"Reviews, Video, People also ask, Related searches",
tv germany,"Informational, Commercial",38,590,"0.00,1.00,0.08,0.08,0.10,0.24,0.16,0.05,0.04,0.79,0.04,0.16",79,0.70,"Reviews, Video, People also ask, Top stories, Related searches, Ads top, Ads bottom",
www rtl de live,"Navigational, Transactional",38,320,"1.00,0.22,0.18,0.44,0.53,0.36,0.29,0.44,0.67,0.80,0.80,1.00",76,0.25,"Reviews, Video, People also ask, Related searches, Ads bottom",
tv programmes netflix,Informational,38,110,"1.00,0.83,0.65,0.83,1.00,0.65,0.00,0.83,0.83,0.83,0.65,0.65",73,0.00,"AI Overview, Video, People also ask, Related searches",
rtl de stream live,"Navigational, Transactional",38,90,"0.79,0.00,0.21,1.00,1.00,0.49,0.36,0.64,0.49,1.00,0.79,0.13",83,0.71,"Reviews, Video, People also ask, Related searches",
free tv rtl,"Navigational, Transactional",37,1300,"0.36,0.03,0.05,0.65,0.55,0.36,0.02,0.05,0.11,0.29,0.05,1.00",72,0.65,"Sitelinks, Reviews, Video, People also ask, Top stories, Related searches",
television rtl,"Informational, Transactional",37,260,"1.00,0.00,0.00,0.00,0.00,0.00,0.00,0.00,0.47,0.47,0.47,0.88",76,0.58,"Reviews, Video, People also ask, Top stories, Related searches",
watch live television online for free,Commercial,37,260,"1.00,0.54,0.29,0.54,0.54,0.36,0.19,0.15,0.23,0.15,0.06,0.09",72,1.31,"AI Overview, Reviews, Video, People also ask, Related searches, Ads middle",
live.comtv,Informational,37,210,"0.00,0.00,0.00,0.66,0.54,0.36,0.19,0.00,0.66,0.54,0.66,1.00",70,1.26,"Reviews, Video, People also ask",
rtl now.de,"Navigational, Transactional",37,210,"0.65,0.80,0.65,1.00,0.65,1.00,0.65,0.80,0.40,0.80,0.65,0.80",72,0.08,"Sitelinks, Reviews, Video, People also ask, Knowledge panel",
netflix shows download,Informational,37,140,"1.00,1.00,0.83,0.83,0.65,0.53,0.83,0.65,0.65,0.65,0.53,1.00",70,0.00,"AI Overview, Reviews, Video, Video carousel, People also ask, Related searches",
online streaming kostenlos,Informational,37,110,"0.19,0.53,0.42,0.80,0.34,0.11,1.00,0.65,0.03,0.34,0.26,0.26",72,0.00,"Reviews, Video, People also ask, Related searches",
tv3 online,Informational,37,110,"0.28,0.48,0.76,1.00,1.00,0.76,1.00,0.62,0.76,0.48,0.76,0.62",78,0.00,"Reviews, Video, Related searches",
free tv streams,Commercial,37,90,"0.08,0.12,0.00,0.08,0.08,0.00,0.12,1.00,0.00,0.64,0.00,0.00",70,0.00,"Sitelinks, Reviews, Video, Video carousel, Top stories, Related searches, Ads bottom",
film en hd streaming,Informational,37,70,"0.81,0.64,1.00,1.00,0.81,0.64,0.00,0.00,0.64,0.45,0.36,0.81",84,0.00,"Reviews, Video, Related searches",
t tv,Informational,37,70,"0.78,1.00,0.78,1.00,0.00,1.00,0.78,0.78,0.78,0.44,0.78,0.78",77,2.02,"AI Overview, Reviews, Image, Video, People also ask, Related searches",
watch live television,Informational,37,70,"0.64,0.64,0.64,0.81,0.64,0.64,0.36,0.45,0.17,1.00,0.17,1.00",79,1.27,"AI Overview, Reviews, Video, Video carousel, People also ask, Related searches, Ads bottom",
netflix deutschland,"Navigational, Transactional",36,5400,"0.67,0.55,0.55,0.67,0.82,1.00,1.00,1.00,0.82,0.67,0.82,0.67",82,1.46,"Sitelinks, Reviews, Video, People also ask, Related searches",
turkiyede netflix,"Navigational, Transactional",36,880,"0.67,0.76,0.76,0.56,0.76,0.76,1.00,0.76,0.56,0.56,0.56,0.56",74,0.00,"Sitelinks, Reviews, Video, People also ask, Related searches",
teleokm,Transactional,36,480,"0.68,0.10,0.37,0.29,0.07,1.00,0.24,0.24,0.37,0.10,0.19,0.29",81,0.12,"Reviews, People also ask, Related searches, See results about, Ads top, Ads middle",
sender von rtl,Informational,36,320,"1.00,0.12,0.36,0.36,0.28,0.44,0.83,0.67,0.54,0.54,0.36,0.54",73,0.93,"AI Overview, Video, People also ask, Related searches",
netflix desktop app,Informational,36,210,"0.52,0.52,0.82,0.66,0.66,0.66,1.00,1.00,0.52,0.52,0.52,0.52",71,0.00,"Reviews, Video, People also ask, Related searches",
telekom t mobile,Informational,36,210,"0.23,0.35,0.28,0.28,0.28,0.28,0.35,0.35,0.28,0.35,1.00,0.44",74,0.50,"AI Overview, Reviews, Video, People also ask, Knowledge panel, Related searches, Ads middle",
netflix cost,"Informational, Transactional",36,170,"0.66,1.00,0.66,0.81,1.00,1.00,1.00,0.53,0.66,0.66,0.66,0.53",79,1.19,"AI Overview, Reviews, Video, People also ask, Related searches",
streaming series,Commercial,36,170,"0.12,0.06,0.05,0.04,0.19,0.06,0.23,0.44,0.19,0.05,0.54,1.00",78,1.40,"AI Overview, Reviews, Video, People also ask, Related searches",
netflix alemania,"Navigational, Transactional",36,140,"0.28,0.23,1.00,0.44,0.36,0.36,0.44,0.23,0.28,0.36,0.23,0.23",70,1.68,"Reviews, Video, People also ask, Related searches",
a netflix,Informational,36,110,"0.41,0.52,0.52,0.52,0.64,0.82,1.00,0.82,0.64,0.41,0.41,0.52",77,0.00,"AI Overview, Reviews, Video, People also ask, Related searches",
new netflix,"Navigational, Transactional",36,110,"1.00,1.00,0.13,0.13,0.65,0.30,0.43,0.30,0.22,0.30,0.30,1.00",76,0.00,"Video, People also ask, Related searches",
watch online show,Informational,36,110,"0.33,0.33,0.42,0.23,0.42,0.52,0.66,1.00,0.52,0.66,0.80,0.00",78,0.00,"Reviews, Video, Related searches",
netflix bibliothek,Commercial,36,90,"0.50,0.78,0.78,0.64,0.78,0.78,1.00,1.00,0.50,0.64,0.64,0.64",70,0.00,"Sitelinks, AI Overview, Reviews, Video, People also ask, Related searches",
stream tv series,Commercial,36,70,"0.61,0.61,0.61,0.61,0.44,0.61,0.61,0.83,0.83,0.61,0.61,1.00",70,1.35,"Reviews, Video, Related searches",
tv websites,Informational,36,70,"0.36,0.62,1.00,0.00,0.81,0.45,0.62,0.62,0.62,0.62,0.62,0.62",80,1.53,"Reviews, Video, Video carousel, People also ask, Knowledge panel, Related searches",
rtl mediathek,Informational,35,49500,"1.00,0.82,0.82,1.00,0.68,0.82,1.00,1.00,0.82,0.82,0.82,0.82",70,0.14,"AI Overview, Reviews, Video, People also ask, Related searches",
android platform tv,Informational,35,4400,"0.81,0.67,0.81,0.81,0.81,1.00,0.81,0.81,0.81,0.67,0.81,0.67",70,0.32,"Sitelinks, AI Overview, Reviews, Video, Video carousel, People also ask, Related searches",
rtl tv germany,"Navigational, Transactional",35,880,"0.55,0.36,0.82,1.00,1.00,0.45,0.23,0.18,0.18,0.45,0.36,0.61",76,0.44,"Sitelinks, AI Overview, Reviews, Video, People also ask, Related searches",
mein rtl,"Navigational, Transactional",35,590,"0.54,0.54,0.44,0.81,1.00,0.67,0.54,1.00,0.81,0.81,0.67,0.81",73,0.40,"Reviews, Video, People also ask, Related searches, Ads top, Ads middle",
rtltv,Transactional,35,320,"0.11,0.05,0.07,1.00,1.00,0.02,0.00,0.00,0.00,0.02,0.02,1.00",71,0.44,"Reviews, Video, People also ask, Knowledge panel, Related searches, Ads middle",
where can you stream,Informational,35,260,"0.81,1.00,0.65,0.81,0.65,0.81,1.00,0.81,0.65,0.81,0.81,0.65",73,2.63,"AI Overview, Reviews, Video, Video carousel, People also ask, Related searches",
where to stream,Informational,35,260,"0.42,0.67,0.67,0.67,0.53,0.67,1.00,0.67,0.53,0.67,0.53,0.53",73,2.63,"AI Overview, Reviews, Video, People also ask, Related searches",
vodafone geräte,Informational,35,170,"0.80,0.80,1.00,0.80,0.80,1.00,1.00,1.00,0.66,0.80,0.66,0.66",70,2.80,"AI Overview, Reviews, People also ask, Related searches",
wach netflix,"Informational, Transactional",35,170,"0.63,0.63,0.00,0.81,0.81,0.81,0.81,1.00,0.81,0.63,0.63,0.50",84,0.00,"Reviews, Video, People also ask, Related searches",
joyn kabel 1 live,"Navigational, Transactional",35,140,"0.42,0.42,0.52,0.42,0.80,0.80,1.00,0.80,0.66,0.42,0.52,0.66",70,0.23,"AI Overview, Reviews, Video, People also ask, Related searches, Ads top, Ads bottom",
netflix catálogo,"Informational, Transactional",35,140,"0.12,1.00,0.44,0.00,0.00,0.00,0.00,0.02,0.02,0.12,0.12,0.15",71,0.00,"AI Overview, Video, People also ask, Knowledge panel, Related searches",
netflix cont,"Navigational, Transactional",35,140,"0.63,0.63,0.50,0.50,0.63,1.00,0.50,0.50,0.38,0.38,0.31,0.50",74,0.00,"AI Overview, Reviews, Video, People also ask, Related searches",
rtl germany live,Transactional,35,140,"1.00,0.08,0.10,0.43,0.35,0.29,0.08,0.14,0.18,0.35,0.18,0.43",75,0.50,"Reviews, Video, Video carousel, People also ask, Related searches, Ads bottom",
live tv canli,Informational,35,110,"0.17,0.12,0.10,0.35,0.43,1.00,0.17,0.28,0.12,0.12,0.10,0.10",73,0.00,"Reviews, Video, People also ask, Related searches",
netflix türkiye fiyatlari,Informational,35,110,"0.10,0.29,1.00,0.18,0.08,0.35,0.18,0.22,0.06,0.18,0.18,0.06",78,0.00,"AI Overview, Reviews, Video, People also ask, Related searches",
rtl n,"Navigational, Transactional",35,110,"0.51,0.63,0.63,1.00,0.83,0.51,0.63,0.63,0.40,0.51,0.40,0.40",79,0.06,"Sitelinks, Reviews, Video, People also ask, Knowledge panel, Related searches",
netflix free download,Informational,35,90,"0.28,0.28,0.21,0.21,0.21,0.21,0.21,1.00,0.15,0.28,0.21,0.21",70,0.00,"AI Overview, Reviews, People also ask, Related searches",
netflix videos,"Informational, Transactional",35,90,"0.05,0.52,0.52,0.05,0.05,0.82,1.00,0.82,0.65,0.82,0.82,0.65",77,0.00,"Reviews, Video, Video carousel, People also ask, Related searches",
google google netflix,"Navigational, Transactional",35,70,"0.50,0.50,0.50,0.50,0.50,0.50,0.78,0.64,0.28,0.78,0.14,1.00",72,0.00,"AI Overview, People also ask, Related searches",
2x2 rtl,"Navigational, Transactional",34,1300,"1.00,0.81,0.45,0.81,1.00,0.81,0.62,0.81,0.62,0.62,0.24,0.24",70,0.84,"Sitelinks, Video, Related searches",
rtl zeit,Informational,34,1300,"0.81,0.81,0.00,0.81,0.81,1.00,0.00,0.81,1.00,1.00,1.00,1.00",77,0.20,"AI Overview, Video, People also ask, Related searches",
netflix com,"Navigational, Transactional",34,880,"0.28,0.07,0.24,0.02,0.35,0.35,0.19,0.19,0.13,0.02,0.19,1.00",79,1.47,"Reviews, People also ask, Related searches",
netflix türkiye fiyat,Informational,34,480,"0.67,0.82,1.00,0.67,0.82,1.00,1.00,0.82,0.54,0.44,0.44,0.44",84,0.00,"AI Overview, Reviews, Video, People also ask, Related searches",
www rtl now de,"Navigational, Transactional",34,480,"0.36,0.77,0.18,0.36,0.45,0.25,0.25,1.00,0.45,0.25,0.18,0.30",70,0.04,"Sitelinks, Reviews, Video, People also ask, Related searches",
rtl website,"Informational, Navigational",34,260,"0.81,0.67,0.67,0.81,1.00,0.81,0.54,0.81,0.67,0.67,0.54,0.81",81,1.67,AI Overview,
www rtl de now,"Navigational, Transactional",34,210,"1.00,1.00,0.80,1.00,0.80,0.80,0.54,1.00,0.80,1.00,0.80,0.54",76,0.04,"Reviews, Video, Related searches, Ads top",
free stream lives,Informational,34,140,"0.34,0.00,0.52,0.65,0.65,0.65,1.00,0.00,0.43,0.52,0.52,0.80",77,0.00,"AI Overview, Reviews, Video, Related searches",
netflix tv program,"Informational, Transactional",34,140,"1.00,0.83,0.65,0.83,1.00,0.65,0.83,0.83,0.83,0.83,0.65,0.65",77,0.00,"Reviews, Video, People also ask, Related searches",
mediathek google,Informational,34,110,"0.41,0.41,0.64,0.41,0.41,0.52,0.82,0.82,1.00,0.64,0.64,0.64",75,0.00,"AI Overview, Reviews, Video, Video carousel, People also ask, Related searches",
tv serie online watch,Commercial,34,110,"0.33,0.33,0.43,0.53,0.43,0.53,0.66,1.00,0.53,0.66,0.81,0.00",70,0.00,"AI Overview, Reviews, Video, Related searches, Ads bottom",
rtl media,"Navigational, Transactional",34,90,"0.23,0.14,0.23,0.19,0.14,1.00,0.51,1.00,0.81,0.81,0.19,0.42",70,0.14,"Sitelinks, Reviews, Video, People also ask, Related searches",
rtl m,"Navigational, Transactional",34,70,"0.65,0.65,0.29,1.00,0.29,0.23,0.23,0.17,0.23,0.23,0.11,0.11",78,0.55,"Reviews, Video, People also ask, Related searches, Ads top, Ads bottom",
netflix-com,"Informational, Transactional",33,1600,"0.43,0.00,0.00,0.54,0.36,0.54,0.36,1.00,0.29,0.29,0.29,0.43",83,1.20,"Reviews, People also ask, Related searches",
rtl jetzt,Informational,33,1600,"0.85,0.69,0.85,0.69,0.69,0.85,1.00,0.85,0.85,0.69,1.00,1.00",76,0.68,"Video, Video carousel, People also ask, Top stories, Related searches",
netflix price,Informational,33,720,"0.49,0.88,0.49,1.00,0.73,0.59,0.73,0.88,0.59,0.73,0.49,0.59",77,1.31,"AI Overview, Reviews, Video, People also ask, Related searches",
directe rtl,"Navigational, Transactional",33,480,"1.00,0.00,0.54,0.00,0.00,1.00,1.00,1.00,0.00,1.00,0.00,0.81",71,0.01,"Sitelinks, Reviews, Video, People also ask, Related searches, Ads bottom",
megenta,Informational,33,480,"0.44,0.23,0.29,1.00,0.44,0.81,0.54,0.67,0.44,0.81,0.44,0.54",83,2.27,"Reviews, Image, Video, People also ask, Knowledge panel",
netflix sign in,"Navigational, Transactional",33,480,"0.80,0.80,1.00,0.80,0.44,1.00,1.00,0.80,0.67,0.67,0.53,0.80",74,0.00,"People also ask, Related searches",
telekome,"Informational, Transactional",33,390,"0.05,0.05,0.11,0.05,0.26,1.00,0.05,0.21,0.00,0.00,0.11,0.11",70,0.11,"Reviews, Video, Knowledge panel, Related searches",
rtl mediathek heute,Transactional,33,320,"0.82,0.54,0.54,0.82,0.54,0.67,1.00,0.82,1.00,0.82,0.82,1.00",71,0.13,"People also ask, Related searches",
what's on netflix,Informational,33,320,"0.67,0.54,0.81,0.00,1.00,0.81,0.67,0.81,0.43,0.81,0.67,0.67",73,0.00,"People also ask, Related searches",
mediathek rtl heute,"Informational, Transactional",33,260,"0.44,0.36,0.24,0.29,0.29,0.29,0.29,1.00,1.00,0.54,0.66,0.66",72,0.15,"Video, People also ask, Related searches",
magenta sport testen,Informational,33,140,"0.06,0.06,0.65,1.00,0.44,0.27,0.21,0.44,0.21,0.53,0.65,0.65",78,1.00,"AI Overview, Reviews, Image, Video, People also ask, Related searches, See results about",
www rtl de mediathek,"Navigational, Transactional",33,140,"0.43,0.53,0.43,0.28,0.28,0.81,1.00,0.53,0.34,0.34,0.15,0.21",71,0.15,"Reviews, Video, People also ask, Related searches",
net flix movies,Transactional,33,110,"0.00,1.00,0.00,0.00,0.00,0.00,0.00,0.00,0.00,0.00,0.00,0.00",83,0.42,"People also ask, Related searches",
netflix conta,"Navigational, Transactional",33,110,"1.00,0.65,0.65,0.65,0.82,0.52,0.40,0.82,0.40,0.52,0.40,0.65",74,0.00,"People also ask, Related searches",
rtl 1,Transactional,33,110,"1.00,0.54,0.39,0.64,0.54,0.64,0.64,0.54,0.64,0.39,0.54,0.54",72,0.52,"Reviews, Video, People also ask, Related searches",
sender rtl,"Informational, Navigational",33,110,"0.67,0.47,0.47,1.00,0.80,0.67,0.80,0.80,0.67,0.67,0.80,0.80",77,0.34,"Sitelinks, AI Overview, Reviews, Video, People also ask, Related searches",
www mediathek rtl de,Informational,33,110,"0.34,0.43,0.28,0.28,0.21,0.65,1.00,0.43,0.21,0.28,0.15,0.15",72,0.12,"AI Overview, Reviews, Video, People also ask, Related searches, Ads bottom",
rtl program,"Informational, Transactional",32,8100,"0.44,0.36,0.29,0.54,0.54,0.66,0.66,1.00,0.66,0.54,0.44,0.44",74,0.60,"Video, People also ask, Related searches",
magent,"Informational, Transactional",32,720,"0.45,0.07,0.77,1.00,0.55,0.55,0.68,0.68,0.30,0.55,0.55,0.77",75,2.97,"Sitelinks, Reviews, Video, People also ask, Knowledge panel, Related searches",
was läuft auf rtl,Informational,32,590,"0.67,0.67,0.67,0.55,0.55,0.55,0.82,1.00,0.55,0.44,0.67,0.67",71,0.57,"Video, People also ask, Related searches",
sendungen auf rtl,Informational,32,480,"0.54,0.54,1.00,0.83,0.54,0.54,0.42,0.54,0.33,0.54,0.54,0.83",72,0.91,"AI Overview, Image, Video, People also ask, Related searches",
magents,"Informational, Transactional",32,390,"0.55,0.55,0.82,1.00,0.55,0.55,0.65,0.65,0.15,0.55,0.65,0.82",82,2.88,"Reviews, Image, Image pack, Video, People also ask, Knowledge panel, Related searches",
sendung verpaßt rtl,Informational,32,390,"0.80,0.50,0.65,0.65,1.00,0.15,0.65,0.25,0.50,0.35,0.35,0.00",74,0.27,"Video, People also ask, Top stories, Related searches",
rtl de programme,"Navigational, Transactional",32,210,"0.80,0.80,0.80,1.00,1.00,1.00,1.00,1.00,1.00,0.64,0.52,0.07",71,0.00,"Sitelinks, Reviews, Video, People also ask, Related searches",
rtl de programma,"Navigational, Transactional",32,170,"0.67,0.44,0.44,0.00,0.00,0.00,0.00,1.00,0.82,0.00,0.00,0.00",72,0.70,"Sitelinks, Video, People also ask, Related searches",
rtl com,"Navigational, Transactional",32,140,"0.21,0.21,0.21,0.34,0.28,1.00,0.34,0.53,0.53,0.43,0.34,0.21",70,1.27,"Sitelinks, Reviews, Video, People also ask, Related searches",
series on line,Informational,32,110,"0.00,0.00,0.00,1.00,0.00,0.00,0.00,0.66,0.00,0.00,0.01,0.00",70,0.00,"AI Overview, Reviews, Video, People also ask, Related searches",
heute rtl,Informational,31,1300,"0.15,0.12,0.20,0.29,0.36,0.29,0.29,0.29,0.23,0.65,0.65,1.00",73,0.59,"Sitelinks, Video, People also ask, Top stories, Related searches",
rtl sender,Informational,31,590,"0.80,0.54,0.54,0.80,0.80,0.67,0.80,1.00,0.80,0.80,0.67,0.67",71,0.93,"AI Overview, Reviews, Video, People also ask, Related searches",
programm rtl plus heute,Informational,31,480,"0.23,0.15,0.29,0.54,1.00,1.00,1.00,1.00,0.81,0.66,0.66,0.54",72,0.11,"People also ask, Related searches",
vodafone home,"Navigational, Transactional",31,320,"0.44,0.44,0.44,0.54,1.00,0.81,0.67,0.67,0.81,0.67,0.67,0.54",70,2.23,"AI Overview, Reviews, Video, Video carousel, People also ask, Related searches, Ads top, Ads bottom",
was läuft bei rtl,Informational,31,320,"1.00,0.43,0.43,0.43,0.43,0.54,0.81,1.00,0.34,0.43,0.66,0.81",70,0.55,"Sitelinks, People also ask, Related searches",
wo kann man es gucken,Informational,31,320,"0.03,0.05,0.03,0.05,0.20,0.36,1.00,0.36,0.24,0.20,0.20,0.20",71,0.94,"Reviews, Image, Video, People also ask, Knowledge panel, Related searches",
helpdesk vodafone,"Informational, Transactional",31,260,"0.35,1.00,0.43,0.82,0.82,0.23,0.43,1.00,0.43,1.00,0.28,0.17",70,0.66,"Reviews, People also ask, Related searches",
mgenta,Informational,31,90,"0.26,0.15,0.42,0.53,0.15,0.26,0.19,1.00,0.00,0.26,0.19,0.53",80,2.27,"Reviews, Video, People also ask, Knowledge panel, Related searches",
netflix new films,"Navigational, Transactional",30,210,"0.00,0.81,1.00,0.43,0.43,0.43,0.36,0.53,0.67,0.43,0.53,0.00",83,0.00,"Video, People also ask, Related searches",
film webseiten,Commercial,29,140,"0.53,0.66,0.43,0.53,0.33,0.53,0.53,1.00,0.33,1.00,1.00,0.81",72,0.46,"Video, People also ask",
wo läuft film,Informational,28,140,"0.33,0.42,0.52,0.52,0.80,0.80,0.80,1.00,1.00,1.00,0.80,0.66",70,0.00,"AI Overview, Reviews, Video, People also ask, Related searches",
